Слово,Количество
идти,3544
сделать,3342
являться,1386
получить,4609
провести,1984
тянуться,1269
стоить,888
стать,877
отличное,521
успейте,525
заходить,719
хотеть,1456
принять,1784
делать,1764
приобрести,1078
найти,913
жить,1296
хотеться,564
работать,1699
желать,1443
помогать,1058
находиться,1127
уважаемые,461
стильные,725
пишите,516
набрать,907
помочь,1480
пройти,2149
становиться,614
поздравлять,956
проходить,819
использовать,703
принимать,1207
ответить,751
происходить,509
позволять,475
подходить,443
знакомься,272
позволить,482
сказать,1418
любить,1246
отмечаться,278
терять,371
состояться,881
сможешь,467
звонить,367
проводиться,440
узнать,768
сарафаны,246
садиться,295
вести,683
иметь,675
забыть,441
получать,828
говорить,1548
продолжать,577
рассказать,922
ждать,1013
заниматься,523
нравиться,335
участвовать,707
побить,215
видеть,907
присоединяйся,284
сообщать,387
давать,633
применить,250
зависеть,283
эластана,208
начинаться,239
дать,952
выбрать,357
создать,758
поцеловать,202
взять,523
состоять,307
плотный,197
обладать,316
обсудить,310
благодарить,395
отметить,780
прийти,960
соревноваться,254
начать,888
присоединяться,259
смочь,567
действовать,556
чувствовать,463
возбудить,206
составлять,275
произойти,344
способствовать,295
нравитсяпоказать,176
увидеть,571
знать,1853
первоначального,173
купить,311
проводить,629
совершить,400
сохранить,263
начинать,626
открыть,1085
выступить,441
стильный,165
обращаться,388
обратиться,544
гидг,175
искать,428
удаться,220
праздничный,160
наградить,331
называть,377
хватать,211
родиться,320
посетить,468
обеспечивать,304
"46,48,50,52,54,56",150
напоминать,329
привести,300
удобный,147
напомнить,243
читать,520
выявить,255
поздравить,422
приходиться,187
поступление‼️,143
смотреть,612
показать,534
отмечать,375
просить,541
погибнуть,438
содержать,296
вашем,179
выглядеть,275
изменить,172
держать,295
связать,655
оставлять,267
посвятить,835
представить,664
посмотреть,494
требовать,247
оформить,257
остаться,824
понять,456
улучшать,169
войти,325
подойти,266
поделиться,385
представлять,426
решить,577
дарить,392
влиять,206
поддерживать,340
оставаться,517
прийтись,270
трёх,121
выйти,434
установить,622
выздороветь,143
приглашать,431
избавиться,119
приводить,172
создавать,447
попасть,339
позвонить,255
радовать,220
считаться,255
управлять,301
входить,258
заняться,155
вызывать,240
начаться,419
оказаться,475
заявить,254
пожелать,247
заказать,115
воспользоваться,152
задержать,264
проявить,225
оказывать,279
поступить,480
появиться,508
подать,189
добиться,160
появляться,236
существовать,340
предварительного,111
играть,503
занимать,158
означать,169
касаться,194
решать,189
называться,180
палаццо,108
рукав,108
продолжаться,187
смотрятся,196
относиться,301
лунный,105
пошить,179
уточнять,136
брать,225
вручить,302
писать,584
двигаться,217
носить,190
привлечь,164
размер,159
написать,517
сообщить,438
модель,101
оставить,388
достигнуть,211
продаваться,115
сидеть,331
думать,841
избежать,110
окружать,399
боишься,98
применяться,161
помнить,593
занять,344
узнавать,219
населить,131
продлиться,96
заслужить,192
подарить,425
включать,135
отдать,203
рекомендоваться,137
справиться,164
защищать,308
зацепить,93
потеряться,93
проверить,233
приходить,333
улучшить,113
записаться,113
поддержать,271
выразить,139
огромную,88
научиться,165
краснеть,88
вспомнить,170
стартовать,285
пытаться,339
требоваться,159
верить,388
подойдёт,97
перевести,208
регулироваться,87
темнеть,87
пользоваться,212
предложить,216
передать,223
приносить,180
предлагать,343
получаться,178
вернуть,111
познакомиться,234
смотреться,140
выбирать,406
назвать,211
стоять,217
заключаться,83
соблюдать,93
учиться,317
соответствовать,297
предстоять,135
ходить,331
оказать,194
придавать,158
доставить,231
попробовать,92
приятный,93
уходить,197
чернеть,81
обеспечить,231
собраться,122
берегите,80
считать,477
поставить,379
направить,522
вельвет,80
собрать,262
приходите,79
выходить,280
исполниться,104
наступать,157
пойти,440
пить,148
лежать,174
замш,77
добавить,231
бороться,187
делиться,290
ожидать,180
поблагодарить,214
вернуться,269
встретить,200
һурвн,75
реализоваться,75
◾цена,75
рассказывать,219
принести,237
постарайтесь,142
слушать,141
владимировна,73
следовать,167
гордиться,206
получиться,290
развивать,142
подчёркивать,138
выделить,118
любите,119
отказаться,138
использоваться,153
принадлежать,104
совершать,156
завоевать,147
восстановить,92
предоставляться,103
отправить,240
придётся,70
понимать,495
выполнять,228
возникать,175
контролировать,88
объединять,89
приятные,92
предусмотреть,208
информировать,82
менять,117
нести,160
встретиться,203
обратить,144
хранить,124
подчеркнуть,227
назадответитьподелиться,67
определить,375
планироваться,66
подготовить,234
увлажнять,100
повышать,121
состязались,66
особенный,66
отчёты,66
говориться,130
хватить,115
зарегистрироваться,64
снять,168
разместить,107
звоните,74
построить,246
показывать,203
применять,161
сохранять,198
побывать,166
стильное,102
составить,265
опубликовать,161
отличаться,128
приехать,207
хурула,84
приниматься,92
снимать,151
осуществляться,91
обнаружить,151
наслаждаться,61
снижать,88
уйти,271
внести,255
ирәд,98
проявлять,129
заем,75
победить,257
общаться,99
потерять,153
весеннего,60
зуг,60
организовать,380
сочетать,122
закрепить,201
повысить,196
служить,221
дай,106
выполнить,325
покорять,59
поступление‼,59
уточнить,104
очищать,76
заботиться,103
забывать,212
уполномочить,122
откинуться,58
реализовать,129
присоединиться,168
находить,167
подписать,198
почувствовать,78
сражаться,112
увеличить,101
устранять,109
оценить,162
раскрыть,134
защитить,85
бояться,282
иметься,165
тюльпаны,71
универсальный,72
примесь,56
ставить,174
забрать,134
готовить,237
строить,109
отдохнуть,80
звучать,155
долгожданный,55
проживать,170
вестись,91
вызвать,132
намаг,54
болсн,54
зарегистрировать,106
мешать,92
удобное,53
заменить,88
ямаран,53
зелёный,121
нежнейшие,68
прочитать,144
звать,67
уметь,135
избегать,90
нуждаться,130
подвести,98
пояснить,102
вытягивать,66
присутствовать,256
тратить,72
призывать,109
приготовить,51
стимулировать,85
стремиться,123
умереть,159
седкл,51
завершить,138
публиковаться,51
указать,300
сегодняшнего,50
предоставлять,113
укреплять,89
отвечать,221
платить,64
изучать,102
спасти,101
оформляться,50
остановить,107
запускать,101
прекратить,49
снизить,70
повышаться,61
ценить,113
дивана,62
предоставить,160
ознакомиться,86
улан,49
покорить,77
стильная,49
приятной,49
наносить,88
уют,60
обещать,99
успеть,147
акрил,61
убрать,48
меняться,123
оказываться,133
скончаться,87
водяных,48
впишется,48
поучаствовать,47
развиваться,139
проголосовать,89
предотвратить,47
творить,77
перейти,118
пригласить,132
добавлять,101
исполняться,86
впитывать,47
д.93,75
единый,64
привязать,47
готовиться,155
вырасти,154
приятных,77
заставить,94
символизировать,73
подобрать,46
признать,139
покупать,72
подрастающего,46
собирать,198
учить,131
попросить,133
ввести,147
употреблять,45
услышать,129
наполнять,60
потребоваться,65
наблюдать,79
повести,45
беречь,62
обучаться,89
расти,187
завершиться,166
посещать,67
наладить,44
растительного,44
привезти,90
подумать,94
украсить,93
устранить,44
уничтожить,84
ткань,76
успешного,43
формировать,73
прибыть,106
допустить,82
рекомендовать,229
сесть,79
уехать,75
достойный,43
запустить,179
вывести,53
почтить,60
патриотического,43
однотонные,58
окисляться,43
разобраться,57
прожить,94
развить,78
достигать,70
приложить,42
очистить,85
понравиться,191
дополнить,55
заставлять,68
стараться,265
понадобиться,63
выравнивать,42
первичного,42
переходить,122
батал,42
⋆n⋆e⋆w⋆,42
зарабатывать,41
радоваться,71
пожаловать,69
случиться,100
трудиться,104
слышать,223
спать,107
испытывать,114
поднять,77
ожидаться,41
продолжить,135
решаться,58
задать,51
привлекать,81
исполнить,125
вспоминать,166
четырёх,40
рабочая,40
петь,134
учебный,40
продаётся,40
нанести,64
восстанавливать,93
открывать,127
обрести,68
уралан,39
вступить,107
надеяться,142
присвоить,39
ставьте,39
бежать,93
арвн,39
шарлҗн,39
отсутствовать,39
уважать,53
укрепить,53
исполнять,101
единый️,39
побыть,38
скопировать,38
интересовать,75
содержаться,95
глядеть,52
бегать,50
поесть,38
проявляться,54
встречать,214
ехать,68
возникнуть,137
отложить,50
невчк,38
потратить,50
окончить,55
исключить,107
захотеть,104
ограничить,65
допускаться,53
виться,38
поработать,47
призвать,49
длиться,60
отправиться,112
отдавать,95
спросить,122
верный,37
усиливаться,49
осуществить,37
подписаться,53
спешите,62
воспалительных,37
повседневный,37
просвечивать,37
вынести,73
задай,37
фиксироваться,64
уменьшить,36
профессиональное,36
преодолеть,46
вкусный,36
положить,95
плотная,54
упасть,62
возвращаться,90
выступать,154
передавать,126
насладиться,36
влечь,48
ухаживать,64
убирать,48
полутчил,36
промокать,36
открыться,123
провозить,35
солнечный,35
завтрашнем,35
заполнить,51
предполагать,35
сохраняться,35
вперёд,54
кукольный,35
связаться,35
пересмотреть,35
следить,78
поменять,35
делаться,35
подготовиться,35
повторить,35
увеличиваться,50
выясниться,35
чувствоваться,35
вооружить,82
рисовать,47
объявить,132
планировать,142
общеобразовательных,35
️размеры,35
даровать,34
найдете,34
определять,64
набирать,45
собираться,118
упустить,56
улучшаться,34
определяться,34
воспринимать,59
расслабиться,34
подтянуть,34
нормализовать,65
приступить,51
️Цена,34
успокаивать,53
взаимодействовать,59
повлиять,33
включить,122
осуществлять,83
производиться,44
сочетаться,76
сказываться,33
взглянуть,56
нааран,33
уникальное,33
закрыть,149
привозить,33
приурочить,101
лишиться,52
свидетельствовать,54
заём,33
элегантный,33
фотографировать,43
зав,33
котят,45
бросать,43
активный,32
добросовестный,32
расширить,32
пообщаться,62
справляться,74
проникать,59
сделайте,59
заслуживать,32
зүсн,32
привлекаться,32
сдать,59
наслаждайся,32
бросить,78
выиграть,95
вносить,90
уютная,31
встречаться,89
наметить,31
полезный,31
уделить,93
доверять,69
превращаться,44
предотвращать,50
скачать,52
устроить,78
захотеться,53
болдг,31
пропасть,56
реагировать,42
грозить,31
поступать,98
порадовать,46
строиться,51
успей,31
научить,58
заложить,81
гарантировать,47
отобрать,42
утеплить,31
визажист&quot,31
общих,30
ускорить,48
советовать,88
уделяться,40
поднимать,76
закончить,85
выражать,151
испытать,50
закончиться,116
разработать,132
мыслить,30
влюбиться,30
подавлять,40
милейшие,30
потрясать,80
‼️цена,30
запланировать,47
наполнить,113
выдать,52
наступить,65
выводить,64
важнейшая,29
добиваться,40
попадать,57
суметь,47
воспитывать,55
устать,85
рождаться,48
лететь,45
природный,29
воевать,89
зуур,29
оркв,29
пропустить,115
печать,29
приобретать,81
внутреннему,29
сахарный,29
угрожать,41
поддаваться,40
порадует,29
выпадать,29
уберечь,29
семейный,29
выращивать,29
встать,85
суммироваться,29
превышать,29
посмотри,29
рассчитывать,28
замечательные,28
попробуйте,52
зайти,86
открываться,50
предназначить,63
сделай,28
убивать,65
помешать,38
питать,64
пасть,28
одержать,55
универсал,28
выписать,28
кидать,51
нанесите,28
здравствовать,89
продемонстрировать,63
изучить,27
суждено,27
посчастливиться,27
радостных,27
царить,43
производить,70
придерживаться,27
удалять,43
сходить,42
замечательного,27
попить,37
объяснять,62
приближаться,37
объяснить,53
дотран,27
отдыхать,97
эдн,27
отражать,27
убедить,69
спасать,105
рассмотреть,105
‼️‼️‼️,27
обращать,60
потребовать,62
настроить,52
задуматься,27
духовных,27
скрыть,101
возложить,38
предусматривать,27
уютный,27
притягивать,27
обезопасить,27
судить,76
объявлять,41
элисте,27
оригинальный,27
осень,27
драп,27
раздельный,27
отстранить,27
носогубные,27
сформировать,38
дарите,48
чаять,38
замечательная,26
поговорить,48
заработать,41
привыкнуть,37
мечтать,138
подавать,53
верные,26
отслеживать,26
регулировать,39
заканчиваться,26
усилить,49
гореть,48
погрузиться,26
послушать,38
утверждать,47
останетесь,26
яһад,26
отменить,36
произвести,50
переоценить,49
наделять,26
назначить,90
распространить,41
жениться,37
возвращать,75
ездить,69
представиться,36
ткано,26
бронировать,51
есть,25
пригодиться,25
исходить,49
расширять,41
переводиться,25
начнётся,25
сыграть,68
измениться,91
пахнуть,25
случаться,47
удан,25
иигҗ,25
суусн,25
ирнә,25
покинуть,68
проверять,50
распространяться,25
сообщаться,40
спешить,36
испортить,25
ощущать,36
заключить,90
позаботиться,59
пострадать,35
подтверждать,63
предлагаться,25
выехать,44
влюбитесь,25
стерилизовать,25
выхаживать,25
выкинуть,25
малый,25
отказывать,25
лишить,67
познакомить,56
поручить,24
подписываться,80
отдельный,24
ищите,47
сократить,24
снижаться,46
уменьшать,24
придумать,62
попытаться,67
полноценного,24
почитать,35
ориентироваться,24
вернётся,24
мал,24
указывать,51
сосредоточиться,44
осмотреть,40
держаться,42
страдать,81
наблюдаться,24
добраться,24
похитить,48
важнейшую,24
удлинить,24
привнося,24
цена,58
свободна)кожаные,24
️цена,24
управлявших,24
смазать,24
переводить,23
проделать,33
уделять,51
придать,45
насытить,23
отказываться,37
остановиться,50
убить,84
сложиться,53
складываться,46
допускать,23
ловить,23
заветные,23
живите,44
обойтись,23
сопутствовать,23
һарһад,23
талдан,23
станешь,23
повторять,23
исправить,33
выездные,23
воспользуйтесь,34
характеризоваться,23
довести,23
усиливать,39
скрывать,43
куплю,23
забронировать,41
направлять,58
пропускать,36
сталкиваться,40
нарушать,36
плен,33
переживать,33
инфицировать,23
невесомые,23
‼цена,23
одномандатных,22
вдохновлять,22
поехать,83
добрая,22
превращать,22
задавать,57
преодолевать,22
возрастать,22
ускорять,22
прикоснуться,22
старую,22
противостоять,22
храниться,37
заметить,85
летать,34
удивительные,22
переставать,32
оңдан,22
заһс,22
нань,22
донести,22
пережить,33
перенести,34
падать,49
постараться,37
следите,22
обнять,22
плотные,38
практиковать,34
увеличиться,33
освежать,22
располагаться,32
живём,22
признаваться,22
объединить,52
удалить,46
участковому,22
платя,22
мята,22
выкапывать,22
〰️〰️〰️,22
родить,35
учусь,21
перестать,103
прилить,21
станете,21
отправлять,86
питательных,21
держите,21
знаменитый,21
умирать,50
мыть,34
прервать,21
представляться,46
превратить,32
попробуй,21
связывать,32
послать,32
поймать,36
праздновать,49
давить,21
насн,21
пишем,21
надежный,21
прозвучать,33
учредить,40
пойдёт,36
доказать,45
тянуть,21
освободить,73
оплатить,40
смягчать,31
выберется,21
светить,21
пролететь,32
иному,21
заполнять,21
предварительному,21
казачьего,21
ритуала,21
законную,21
проинформировать,39
подозреваться,21
закрывать,34
танцевать,58
астмаркете,21
струиться,21
идей!&quot,21
рассчитываться,21
сострадать,21
скопируйте,20
копировать,20
обожать,39
обходиться,20
спрашивать,32
сбываться,30
падме,20
гулять,30
перечислить,20
подвергаться,30
арканы,20
являетесь,20
летопись,20
проведите,20
пообещать,20
съесть,20
идём,20
записать,55
писаться,20
оберегать,39
подключить,20
полагаться,32
вводить,38
даваться,65
суув,20
отстаивать,20
образовать,31
окружить,20
восприниматься,30
упорной,20
повседневную,20
осознать,20
жалеть,32
обновить,48
подвергнуть,20
избрать,37
основать,49
достаться,47
праздноваться,20
ведётся,20
пожарить,20
заузить,20
устанавливаться,38
маломерят,37
удаваться,33
подарочный,19
подниматься,19
приглашаться,19
попасться,45
демонстрировать,42
озвучить,32
доставлять,46
удерживать,31
препятствовать,33
скучать,19
удостоить,42
разбираться,19
разделить,19
отнести,19
кричать,34
дойти,43
дружной,19
твориться,19
выяснить,30
заглянуть,19
окунуться,19
отражаться,29
келв,19
бить,50
отличить,19
күүкнә,19
столкнуться,46
учитывать,52
факультете,19
показаться,33
успеете,19
дождаться,43
проникнуть,19
вырваться,19
трансформировать,19
выгодный,19
устраивать,50
продать,39
забирать,41
предпочитать,37
зажечь,19
прокомментировать,19
функционировать,36
дальнейшая,19
универсальная,19
получи,19
отгадывали,19
‼супер,19
наносится,19
помощи/,19
кушать,19
погрузить,18
разрушить,35
начнёт,18
захватить,18
обсуждать,31
звездный,18
олна,18
познать,18
олицетворять,18
оставайтесь,18
дышать,29
скорейшего,18
раскрывать,32
полезная,18
оценивать,18
разнообразить,29
путешествовать,18
общему,18
адаптироваться,18
проснуться,34
подняться,18
печали,34
поиграть,18
повезти,32
душевные,18
вкусных,18
провоцировать,18
волновать,28
ощутить,18
увеличивать,39
попутный,18
поверить,47
чистить,18
включаться,18
печь,18
раскрываться,18
прислать,44
голосовать,18
чтить,34
авторизоваться,18
рисковать,55
описать,18
никоим,18
воплотить,18
убедиться,44
откладывать,32
осветлять,18
очаровательное,18
создаваться,47
отремонтировать,66
подтвердить,30
романтичная,18
приезжать,48
сдавать,43
лечить,32
создаём,18
опорного,18
торговать,18
высшем,18
оснастить,36
высококачественного,18
велюра,18
весна(осень)2023,18
пигментых,18
сек,18
накрутить,18
охранять,17
земельным,17
самозанятые,17
разговаривать,17
плевать,17
верных,17
очных,17
рожать,17
проявляются,17
подумают,17
выложить,17
сказаться,32
облегчить,17
создайте,17
набраться,17
подразумевать,17
совпадать,17
крыться,17
доказывать,17
значить,17
порождать,17
володя,17
полюбоваться,17
кормить,27
терпеть,27
анализировать,17
земного,17
санан,17
сана,17
бойся,17
завтрашнего,17
ложиться,17
свежего,17
пробовать,28
овладеть,17
зимнего,17
благоустроить,17
незабываемых,17
знаменательной,17
сумеете,17
партнёра,17
попытайтесь,28
выпасть,31
приведёт,17
разрабатывать,17
учесть,27
романтичный,17
выдавать,41
обмануть,17
оформлять,34
завладеть,17
обучать,66
отправляться,51
нить,17
выдающегося,17
изготовить,39
полюбить,17
сопровождаться,33
завершать,17
одеть,30
комбинировать,17
возьми,17
пешеходному,17
моделировать,17
наказываться,17
соотносите,16
отчитываться,16
переделать,16
ровный,16
осознавать,26
покидать,30
радостные,16
ловите,16
удержать,16
завести,16
ощущаться,16
знакомиться,28
помять,30
сбалансировать,16
разрешать,31
выпить,16
нарисовать,16
договориться,16
прочесть,29
курить,39
порадовали,16
поддавайтесь,16
настать,16
ормасн,16
объясняться,16
выбраться,16
перманентный,16
подлежать,28
неравнодушие,16
удачен,16
рассчитать,56
исправлять,16
прислушиваться,16
разрешить,26
экономить,32
избавляться,16
воздержаться,16
временных,16
полноценное,16
отпустить,16
выпустить,51
удобную,16
издать,16
разглаживать,16
замечательных,16
запретить,51
ненавидеть,16
мочить,16
выделять,26
присылать,27
уютном,16
обвинять,16
погасить,16
раздать,16
передвигаться,16
пыли,16
кратчайшие,16
публиковать,16
прилегать,16
светиться,16
восхитить,16
шикарнейшее,16
укоротить,16
воздействовать,43
замерить,16
сотрудничать,15
распространиться,15
выстраивать,15
закреплять,15
берите,15
ассоциироваться,15
плакать,29
удачного,15
выдержать,15
поделюсь,15
земные,15
возглавить,15
утвердить,52
вступать,48
предупредить,15
оповещать,15
наслаждайтесь,29
ускориться,15
чествовать,27
выгнать,15
успевать,53
сжечь,15
болеть,48
добрую,15
делить,25
тренировать,29
владеть,39
найдёт,15
продлить,15
үзг,15
сәәхн,15
заһсн,15
руководить,25
украшать,27
цвести,50
опираться,38
реализовывать,15
выстроить,15
доложить,25
спальный,15
уважаемых,15
переехать,49
радостный,15
свернуть,15
благоприятствовать,15
сдерживать,30
свете,15
научитесь,15
умести,15
браться,28
возглавлять,26
выдерживать,15
отчитаться,15
маткапитал,15
блять,15
скатываться,15
обмениваться,15
устанавливать,29
предупреждать,25
николаем,15
отрегулировал,25
ранить,15
придумаешь,15
надеть,15
заднего,15
сознаться,15
изолировать,27
сослужить,15
выезжать,14
полноценную,14
определиться,14
обратная,14
днём,14
оплачивать,14
заднем,14
завершаться,14
водный,14
освоить,24
навести,14
упрощать,14
сравнить,14
строительный,14
восполнить,14
ставь,14
благодать,14
украсть,37
распространять,14
исчезать,28
исследовать,14
незаменимый,14
варить,14
отвести,14
старшие,14
забить,14
заводить,14
воспитать,25
сильнейших,14
продавать,37
неограниченное,14
неоценимый,14
уйдёт,14
ухан,14
көвүг,14
хамгиг,14
деедс,14
сито,14
сажать,14
обозначать,14
объединяться,14
описывать,14
душою,14
удивительный,14
рассказываться,14
казаться,14
переносить,14
подозревать,14
отследить,14
одарить,14
запоминающихся,14
задействовать,24
причинить,27
предстоящего,14
подаваться,14
заключать,14
волшебное,14
атаковать,14
приготовиться,14
отличиться,14
эмоциональных,14
склонять,14
удачный,24
преследовать,24
образоваться,26
активизировать,24
простому,14
доходить,14
продолжиться,14
первоочередное,14
отбирать,14
посадить,37
рассматривать,35
успокоить,14
племенных,14
победы&quot,14
выровнять,14
разбирать,25
ремонтировать,14
роскошный,14
уважаемый,14
рассматриваться,37
надевать,25
дорожить,14
одобряются,14
внутрипартийный,14
прослушать,14
завысить,14
изыскать,14
весна(лето)2023,14
выдаваться,14
угревать,14
мятный,14
омолаживать,14
втирать,26
маскирующего,14
окружающему,13
достигнешь,13
нисәд,13
захватывать,13
прощать,24
тибете,13
взломать,25
сопровождать,37
устного,13
пастбищ,13
раннем,13
питаться,13
замедлить,13
взяться,23
защитных,13
умственной,13
сбудутся,13
везти,13
предпринимать,13
танцевальный,13
постоять,13
истинная,13
сохраниться,34
погулять,13
отводиться,13
пригодятся,13
увлекательное,13
подтверждаться,13
вносите,13
умный,13
зәңг,13
тиигҗ,13
түрүн,13
сууһад,13
агчм,13
пройтись,13
охватывать,13
разрушать,37
молиться,13
ударить,25
сводить,23
сало,13
вечный,13
тратьте,13
уступать,13
помыть,13
охватить,13
побеждать,13
освободиться,13
заходи,13
относить,13
коснуться,13
весомый,13
избираться,13
высказать,23
накопиться,23
торопиться,13
обернуться,13
пренебрегать,13
подрастать,13
избавить,13
желаемого,13
припев,13
обретать,13
отключить,13
тёмный,13
найтись,13
примете,13
объединиться,13
выпускать,25
поддельного,13
востребовать,13
наращивать,13
изящный,13
восходить,13
выбросить,13
разыграть,13
общекомандное,13
повредить,13
снизиться,13
доверившись,13
фиксировать,13
вырабатывать,13
отечественную,13
направляться,13
проработать,24
древнем,13
портрете,13
полиуретан,13
покрывало,13
лете,13
нравишься,13
активировать,13
реконструировать,13
наивысшее,13
заамвонной,13
себорейный,13
дерматит,13
скорректировать,12
услышите,12
обнимать,12
страшный,12
последовать,12
формироваться,12
всеобщего,12
совершенствовать,12
посильную,12
унести,12
задумать,12
тётя,12
совершаться,12
спланировать,12
выучить,12
желаемых,12
замедлять,12
ушей,12
кажущейся,12
признаться,12
вставить,12
запомнится,12
продумать,12
достать,12
бывать,12
вырастить,12
побежать,12
цените,23
удивить,23
разобрать,12
спешим,12
простить,33
выслушать,12
светло,12
нернь,12
орндан,12
накапливать,12
изображаться,12
үүдәр,12
приобретаться,12
бичәч,12
загрузить,12
истинного,12
увенчаться,12
сохраните,12
священному,12
останавливаться,12
овала,12
концентрироваться,12
напрячь,12
блистать,12
рекомендуются,12
порадуют,12
сравнивать,12
сбросить,12
сумеют,12
остерегаться,12
располагать,12
биться,22
совмещать,12
желаемый,12
раздражать,23
сможете,12
литься,12
сексуальный,12
наполнится,12
достойную,12
превратиться,22
прихожая,12
облегчать,12
навещать,12
полететь,12
вешать,12
ойратского,12
здравствуй,24
гласить,12
добавиться,12
опубликовывать,12
нажать,23
закупать,12
тел,12
обменяться,12
уводить,12
похуй,12
уничтожать,22
обязывать,12
заказывать,22
зафиксировать,12
развернуть,12
фиджитал,12
первичную,12
шить,12
объемный,12
пастбищной,12
вводиться,12
смыть,12
оцениваться,12
распределяться,22
сэкономить,12
затронуть,23
приказать,12
укомплектовываются,12
записываться,12
вмещать,12
пены,12
удостоверять,12
напасть,12
сумасшедший,12
получишь,12
приталенный,12
взбудоражить,12
сандали,22
впишутся,12
привлекательное,12
согреть,12
зади,12
отстегивающийся,12
ощупь,22
уменьшаться,12
суммируются,12
сужать,12
инвестировать,12
скрываться,12
попадаться,12
останавливайся,12
зангшал,12
обет,12
парафиновая,12
радикулите,12
артрите,12
укутать,12
укутайте,12
транслировать,11
упростить,21
обратившимся,11
смириться,11
одобрить,11
зүркн,11
приветствовать,21
воплощать,11
согревать,11
самостоятельный,11
воскреснуть,11
русло,11
обусловить,11
дипломировать,11
извлечь,11
нормальную,11
залить,11
ресурсного,11
непал,11
недавнего,11
запомнить,11
надоесть,11
греть,11
приняться,11
строгать,11
высказывать,11
организовывать,11
посвящать,22
пробудить,11
учёных,11
критиковать,11
нәәмн,11
нүдәрн,11
переплетаться,11
невидимые,11
вставать,21
диилвр,11
махнуть,11
поколен,11
отведать,11
орна,11
люся,11
найдётся,11
спорить,11
степях,11
санана,11
начну,11
освобождать,11
распознать,11
заканчивать,11
привить,11
песчаный,11
течь,11
отдаём,11
накопить,21
объявляться,11
выполняться,11
подписывать,11
расположить,11
приступать,11
послужить,11
возобновить,11
минимизировать,11
спровоцировать,11
подумайте,11
первоочередных,11
выделяться,21
сделаете,11
поискать,11
расставить,11
расцветать,11
становитесь,11
удивлять,11
сомневаться,11
размышлять,11
семейную,11
задумываться,21
беспокоить,11
особенных,11
удовлетворить,11
рядового,11
заветных,11
вообщем,11
неповторимую,11
восхитительная,11
степей,11
свободному,11
приемную,11
соединить,11
просыпаться,21
дерзить,11
зеркала,11
обязательный,11
восемьдесят,11
увлекательных,11
осваивать,11
воскресной,11
пилотный,11
выдвинуть,21
старшее,11
познавательную,11
древнейших,11
связываться,11
выбирай,11
неотъемлемая,11
процветать,11
нарушая,11
противовоспалительным,11
одобрять,11
поискового,11
войдёт,11
даём,11
явиться,11
разуметься,11
законного,11
уютного,11
приталенное,11
дикорастущей,11
пюре,11
библиотекарем,11
впитываться,11
посадочное,11
оценивших21,11
2015ответитьподелиться,11
справлять,11
очен,11
увлекательный,10
представительные,10
содействовать,10
выручать,10
закрепляться,10
уважаемая,10
пожелаем,10
уносить,10
стоите,10
проиграть,10
извлекать,10
привычный,10
смешать,10
записывать,10
восхитительных,10
пепел,10
интеллектуальный,10
сковывать,10
пробные,10
семьёй,10
знакомились,10
навестить,20
вытащить,10
сплю,10
похоронить,10
ругаться,10
висеть,10
любоваться,10
славный,10
уникальном,10
обойти,10
прогнозировать,10
образовательном,10
вселять,10
постели,10
пополнить,10
зурһан,10
тәвн,10
ишкә,10
бәәнәв,10
селн,10
протекать,10
зүрк,10
дәкнәс,10
гаснет,10
ууһад,10
произносить,10
уул,10
помни,10
зул,10
жать,10
подводить,20
исчезнуть,10
встроить,10
знаменитые,10
огнём,10
крутить,10
верьте,10
обучающимися,10
ответственную,10
отразить,20
вписать,10
отвергать,10
обязать,10
переложить,10
идеален,10
всеобщей,10
подсказать,10
руководствоваться,10
сменить,10
признавать,10
похвастаться,10
включиться,10
достигаться,10
распределить,10
идя,10
усваивать,10
пребывать,10
сиять,10
таять,20
сломать,10
претендовать,10
предела,10
отыскать,10
порадоваться,10
расслаблять,10
жаловаться,10
декана,10
восстановиться,10
найди,10
освещать,10
зажигать,10
посвящаться,10
оскорблять,10
внедрять,10
гладить,10
постараюсь,10
плотности,10
разворачиваться,10
низшие,10
поклониться,10
хурул,10
воздерживаться,10
запускаться,10
аридных,10
пресечь,10
опытный,10
обрабатывать,10
полагать,10
очный,10
подрастающему,10
участиться,10
проверочные,10
предать,10
прими,10
преждевременное,10
уносило,10
упоминаться,10
проследить,10
ждём,10
закаляться,10
незабываемого,10
благая,10
цена:1360,10
шикарнейшие,10
цена:2400,10
атласное,10
распуститься,10
мнется,10
отстёгиваться,10
нажмите,10
дублироваться,10
закройте,10
нейтрализовать,10
скрыться,10
стрелять,10
уголовный,10
проехать,10
ороговеть,10
предотвращая,10
сунэги,10
поцелуешь,10
бамбук,10
стирается,10
утягивать,10
плюшевая,10
мелоди,10
