–°–ª–æ–≤–æ,–ö–æ–ª–∏—á–µ—Å—Ç–≤–æ
2023,4225
2022,930
—Ä–∞–∑–º–µ—Ä–Ω—ã–π,1324
–Ω–æ–≤—ã–π,6066
–µ–¥–∏–Ω—ã–π,2192
—à—Ç—É—á–Ω—ã–π,1007
–≤–µ–ª–∏–∫–∏–π,1331
–∂–∏–≤–æ–π,1563
—Ä–æ—Å—Å–∏–π—Å–∫–∏–π,1618
–æ—Ç–µ—á–µ—Å—Ç–≤–µ–Ω–Ω–æ–π,666
—Ö–æ—Ä–æ—à–∏–π,5345
—Ä–∞–∑–º–µ—Ä,1213
–ø–µ—Ä–≤—ã–π,2901
—Ä–∞–∑–Ω—ã–π,1509
—Ü–µ–Ω–∞,940
1280,594
1600,561
—Å–∞–º—ã–µ,637
—à–∏–∫–∞—Ä–Ω—ã–π,1174
1920,571
1040,530
–±–æ–ª—å—à–æ–π,1187
–¥–æ—Ä–æ–≥–æ–π,1049
—Ñ–∞–±—Ä–∏—á–Ω—ã–π,1436
1300,465
–∫–∞–ª–º—ã—Ü–∫–∏–π,2126
1150,448
1760,448
2400,484
–∞–∫—Ç—É–∞–ª—å–Ω—ã–π,802
–≤–∂–∏–≤—É—é,374
–≤–∞–∂–Ω—ã–π,1599
—Å–æ—Ü–∏–∞–ª—å–Ω—ã–π,1247
2080,486
1200,365
1450,435
–≤–Ω—É—Ç—Ä–µ–Ω–Ω–∏–π,810
–∂–µ–Ω—Å–∫–∏–π,1919
–æ—Ç–ª–∏—á–Ω—ã–π,1289
1440,337
–≤–æ–µ–Ω–Ω—ã–π,665
1360,348
–∫—Ä–µ–ø–∫–∏–π,439
–≥–ª–∞–≤–Ω—ã–π,1608
–≤—Ç–æ—Ä–æ–π,752
2240,330
—Å–∞–º—ã–º,321
–¥–æ–ø–æ–ª–Ω–∏—Ç–µ–ª—å–Ω—ã–π,657
–Ω–∞—Ä–æ–¥–Ω—ã–π,1147
—Ä–∞–¥,520
–≥–æ—Å—É–¥–∞—Ä—Å—Ç–≤–µ–Ω–Ω—ã–π,1183
—Ä–∞–∑–ª–∏—á–Ω—ã–π,665
—É–¥–æ–±–Ω—ã–π,1097
—Ä–µ–≥–∏–æ–Ω–∞–ª—å–Ω—ã–π,832
—Ü–µ–Ω—Ç—Ä–∞–ª—å–Ω—ã–π,468
—á—ë—Ä–Ω—ã–π,1166
1650,286
2021,252
–Ω–∞—Ü–∏–æ–Ω–∞–ª—å–Ω—ã–π,1102
"42,44,46,48,50,52",251
–Ω—É–∂–Ω—ã–π,899
1500,249
–¥–æ—Å—Ç–∞—Ç–æ—á–Ω—ã–π,338
—É–≥–æ–ª–æ–≤–Ω—ã–π,565
–ø—Ä–∏—è—Ç–Ω—ã–π,780
–ª—é–∫—Å–æ–≤–æ–µ,308
–º–µ—Å—Ç–Ω—ã–π,753
–±–µ–ª—ã–π,967
—Ä–æ–¥–Ω–æ–π,270
–≥–æ—Ç–æ–≤—ã–π,599
–¥–µ—Ç—Å–∫–∏–π,1338
—Å–ø–æ—Ä—Ç–∏–≤–Ω—ã–π,916
–≤—ã—Å–æ–∫–∏–π,1509
1800,218
–≤–∞—Å–∏–ª—å–µ–≤–Ω–∞,216
–∫—Ä–∞—Å–∏–≤—ã–π,1350
—Ü–µ–ª–∏–Ω–Ω—ã–π,254
1100,214
–¥–æ–±—Ä—ã–π,1513
–æ–±—â–µ—Å—Ç–≤–µ–Ω–Ω—ã–π,925
–º—É–∂—Å–∫–æ–π,993
–ø—Ä–∏—é—Ç–Ω–µ–Ω—Å–∫–∏–π,253
–µ–∂–µ–¥–Ω–µ–≤–Ω—ã–π,279
—Å–≤–æ–±–æ–¥–Ω—ã–π,827
2560,223
–¥–µ–Ω–µ–∂–Ω—ã–π,501
–º–∞–∫—Å–∏–º–∞–ª—å–Ω—ã–π,316
—Ä–∞–≤–Ω—ã–π,254
–ª—ë–≥–∫–∏–π,1264
–±–æ–ª—å—à–∏–π,1146
–±–æ–ª“ó,249
—Å—Ç–∏–ª—å–Ω—ã–π,613
1520,196
—Å–ø–µ—Ü–∏–∞–ª—å–Ω—ã–π,508
—è—à–∫—É–ª—å—Å–∫–∏–π,266
2000,202
–≤–æ—Å—Ç—Ä–µ–±–æ–≤–∞–Ω–Ω—ã–µ,185
–ø–æ—Å–ª–µ–¥–Ω–∏–π,863
2020,181
—Ä–µ—Å–ø—É–±–ª–∏–∫–∞–Ω—Å–∫–∏–π,453
–ø—Ä–æ—à–ª—ã–π,396
2750,203
—ç–ª–µ–∫—Ç—Ä–æ–Ω–Ω—ã–π,426
–º–µ–∂–¥—É–Ω–∞—Ä–æ–¥–Ω—ã–π,802
–ª–∏—á–Ω—ã–π,926
–≥–æ—Ä–æ–¥—Å–∫–æ–π,395
—Ç—ë–ø–ª—ã–π,957
–ª—é–∫—Å–æ–≤—ã–µ,189
–≥–∞–ª—å–≤–∞–Ω–∏—á–µ—Å–∫–∏–π,169
–æ–±—â–∏–π,643
—Ä–æ–¥–Ω—ã–π,338
–ø—Ä–æ—Ñ–µ—Å—Å–∏–æ–Ω–∞–ª—å–Ω—ã–π,700
"44,46,48,50,52,54",163
—Ñ–µ–¥–µ—Ä–∞–ª—å–Ω—ã–π,652
–≤—ã—Å–æ–∫–æ,215
–º–µ–¥–∏—Ü–∏–Ω—Å–∫–∏–π,818
–±–ª–∏–∑–∫–∏–π,566
—Ä–µ–¥–∫–∏–π,204
–æ–≥—Ä–æ–º–Ω—ã–π,588
8906 437,158
42/44/46/48/50,156
–º–æ–ª–æ–¥–æ–π,605
–±–µ–∂–µ–≤—ã–π,296
—Å—Ä–µ–¥–Ω–∏–π,486
–∏–Ω—Ç–µ—Ä–µ—Å–Ω—ã–π,1061
–¥–æ—Å—Ç–∞–≤–∫–∞,147
—Ä—É—Å—Å–∫–∏–π,647
—è—Ä–∫–∏–π,710
–∞–∫—Ç–∏–≤–Ω—ã–π,585
–ø–æ–ª–Ω—ã–π,761
–æ–±—Ä–∞–∑–æ–≤–∞—Ç–µ–ª—å–Ω—ã–π,299
–æ—á–µ—Ä–µ–¥–Ω–æ–π,312
—Ç—É—Ä–µ—Ü–∫–∏–π,521
42.44.46.48,156
2019,142
–∑–¥–æ—Ä–æ–≤—ã–π,437
–∫–µ—Ç—á–µ–Ω–µ—Ä–æ–≤—Å–∫–∏–π,141
1942,140
—Å–ª–µ–¥—É—é—â–∏–π,641
–≤—Å–µ—Ä–æ—Å—Å–∏–π—Å–∫–∏–π,621
—à–∞–≥–æ–≤—ã–π,138
–¥–æ—Å—Ç—É–ø–Ω—ã–π,366
—Å–µ–≥–æ–¥–Ω—è—à–Ω–∏–π,200
—è—à–∞–ª—Ç–∏–Ω—Å–∫–∏–π,200
—Ñ–∏–∑–∏—á–µ—Å–∫–∏–π,444
—Å–∞—Ä–ø–∏–Ω—Å–∫–∏–π,167
—Å–ø–æ—Å–æ–±–Ω—ã–π,428
"50,52,54,56,58,60",135
—Ç—Ä—É–¥–Ω—ã–π,325
—Å—Ç–∞—Ä—à–∏–π,573
–Ω–µ–≤–æ–∑–º–æ–∂–Ω—ã–π,194
"50,52,54,56,58",133
–±–æ–µ–≤–æ–π,364
2pac,181
2880,155
–∫—Ä–∞—Å–Ω—ã–π,605
–Ω–æ–≤–∏–Ω–∫–∞,130
—á–µ—Ä–Ω–æ–∑–µ–º–µ–ª—å—Å–∫–∏–π,152
–¥–æ—Ä–æ–∂–Ω—ã–π,204
–≤–µ—Ä—Ö–Ω–∏–π,326
–¥—Ä—É–≥–æ–≥–æ,149
950—Ä—É–±,145
—Å–µ–∑–æ–Ω,150
–ª—é–±–∏–º—ã–π,885
–º—è–≥–∫–∏–π,657
–º–∏—Ä–æ–≤–æ–π,277
–±–µ—Å–ø–ª–∞—Ç–Ω—ã–π,452
—ç–ª–∏—Å—Ç–∏–Ω—Å–∫–æ–≥–æ,135
–æ—Å–Ω–æ–≤–Ω—ã–π,654
—à–∏—Ä–æ–∫–∏–π,409
—Ç–≤–æ—Ä—á–µ—Å–∫–∏–π,587
—Ç—Ä–µ–Ω–¥–æ–≤—ã–µ,150
2990,138
—é–Ω—ã–π,310
–º–∏–ª—ã–π,473
42/44/46/48,120
–∏–Ω–æ—Å—Ç—Ä–∞–Ω–Ω—ã–π,279
–∏–¥–µ–∞–ª—å–Ω—ã–π,810
–º–µ–ª–∫–∏–π,243
–º—É–Ω–∏—Ü–∏–ø–∞–ª—å–Ω—ã–π,304
—Å–æ–±—Å—Ç–≤–µ–Ω–Ω—ã–π,553
—Ü–µ–ª—ã–π,274
2015,115
–Ω–∞—É—á–Ω—ã–π,396
2024,114
—Å–æ–≤–µ—Ç—Å–∫–∏–π,526
1943,109
2014,109
—Å–æ–≤—Ä–µ–º–µ–Ω–Ω—ã–π,704
–∫“Ø“Ø–Ω”ô,132
—Ä–∞–π–æ–Ω–Ω—ã–π,310
–ø—Ä—è–º–æ–π,384
–æ—Å–Ω–æ–≤–Ω–æ–π,149
–¥–æ–ª–≥–∏–π,266
1950,125
–ø—Ä–µ–∫—Ä–∞—Å–Ω—ã–π,848
—Ä–æ—Å—Ç–æ–≤—Å–∫–∏–π,130
–∞—Å—Ç—Ä–∞—Ö–∞–Ω—Å–∫–∏–π,161
—Å–ª–æ–∂–Ω—ã–π,488
–∏–∑–≤–µ—Å—Ç–Ω—ã–π,604
–±—É–¥—É—â–∏–π,319
–ø–æ–≤—Å–µ–¥–Ω–µ–≤–Ω—ã–π,216
–æ–∫—Ç—è–±—Ä—å—Å–∫–∏–π,117
–∂–∏–∑–Ω–µ–Ω–Ω—ã–π,365
2018,99
–∞–¥–º–∏–Ω–∏—Å—Ç—Ä–∞—Ç–∏–≤–Ω—ã–π,310
–∏—Å–∫—Ä–µ–Ω–Ω–∏–π,210
1350,195
–ª–µ—Ç–Ω–∏–π,471
—Å–µ–ª—å—Å–∫–∏–π,207
–±–∞–∑–æ–≤—ã–π,344
–≥–æ–ª—É–±–æ–π,207
—Ç—Ä–∞–Ω—Å–ø–æ—Ä—Ç–Ω—ã–π,329
–Ω–µ–±–æ–ª—å—à–æ–π,335
–Ω–µ–æ–±—Ö–æ–¥–∏–º—ã–π,511
1941,94
—Ç–æ—Ä–∂–µ—Å—Ç–≤–µ–Ω–Ω—ã–π,276
–æ—Å–æ–±—ã–π,423
–ø–ª–æ—Ö–æ–π,327
—Ç–æ–Ω–∫–∏–π,295
—Å–µ–º–µ–π–Ω—ã–π,264
1945,92
–≤—Å–µ–º–∏—Ä–Ω—ã–π,143
–Ω–∞—Ç—É—Ä–∞–ª—å–Ω—ã–π,422
–ø–æ–ª–µ–∑–Ω—ã–π,524
3-—Ö,103
–∞–¥—Ä–µ—Å,91
1400,176
–∫—Ä—É—Ç–æ–π,394
—Ç–µ–∫—É—â–∏–π,180
–±–æ–º–±–∏—á–µ—Å–∫–∏–µ,111
–æ–ø–ª–∞—Ç–∞,89
1944,88
–Ω–µ–∂–Ω—ã–π,720
–∫–æ—Å–º–µ—Ç–∏—á–µ—Å–∫–∏–π,113
–Ω–∞—Ä–∫–æ—Ç–∏—á–µ—Å–∫–∏–π,103
–∫–æ–º—Ñ–æ—Ä—Ç–Ω—ã–π,474
18:00,86
–¥–∞–ª—å–Ω–µ–π—à–∏–π,265
—Å—á–∞—Å—Ç–ª–∏–≤—ã–π,650
–π–æ–≤–Ω–∞,102
–ø—Ä–µ–¥–≤–∞—Ä–∏—Ç–µ–ª—å–Ω—ã–π,170
—Ç—Ä—É–¥–æ–≤–æ–π,195
—É–Ω–∏–∫–∞–ª—å–Ω—ã–π,307
–ª–∞–≥–∞–Ω—Å–∫–∏–π,120
2017,85
—Å–∏–Ω–∏–π,189
—Å–∞–º—ã–º–∏,84
–¥—Ä—É–≥—É—é,84
–∏–Ω–æ–π,84
–∏–∑—É–º–∏—Ç–µ–ª—å–Ω—ã–π,164
1750,115
—ç–ª–µ–≥–∞–Ω—Ç–Ω—ã–π,256
2-—Ö,96
—Ä–∞–±–æ—á–∏–π,257
–∏–∫–∏ –±—É—Ä—É–ª—å—Å–∫–∏–π,83
–º–æ–±–∏–ª–∏–∑–æ–≤–∞–Ω–Ω—ã—Ö,107
12:00,93
—Ñ–∏–Ω–∞–Ω—Å–æ–≤—ã–π,349
—Å–µ—Ä—ã–π,179
–º–∞–ª–æ–¥–µ—Ä–±–µ—Ç–æ–≤—Å–∫–∏–π,100
–ø–æ–¥—Ä–æ–±–Ω—ã–π,153
–≥–æ–¥–æ–≤–æ–π,167
1550,115
—ç–ª–∏—Å—Ç–∏–Ω—Å–∫–∏–π,80
–ø–æ–∂–∞—Ä–Ω—ã–π,80
–ø–æ–ø—É–ª—è—Ä–Ω—ã–π,215
–≥–æ—Ä–æ–¥–æ–≤–∏–∫–æ–≤—Å–∫–∏–π,102
–¥–æ–º–∞—à–Ω–∏–π,372
–ø—Ä–µ–º–∏–∞–ª—å–Ω—ã–π,80
–ª—å–Ω–∞,79
–∂–µ–ª–µ–∑–Ω—ã–π,118
–∫—É–ª—å—Ç—É—Ä–Ω—ã–π,227
—Ç—è–∂—ë–ª—ã–π,316
–≤–æ–∏–Ω—Å–∫–∏–π,231
–¥–∂–∏–Ω—Å–æ–≤—ã–π,171
–ø–æ—Å—Ç–æ—è–Ω–Ω—ã–π,304
–∑–Ω–∞–∫–æ–º—ã–π,112
–ø—Ä–∞–≤–æ–æ—Ö—Ä–∞–Ω–∏—Ç–µ–ª—å–Ω—ã–π,93
–∫–ª–∞—Å—Å–Ω—ã–π,335
–¥–∂–∏–Ω—Å—ã,77
—Ç–µ–º–ø–µ—Ä–∞—Ç—É—Ä–Ω—ã–π,77
—ç–ª–∏—Å—Ç–∏–Ω—Å–∫–æ–π,76
–º–æ–¥–Ω—ã–π,414
95%—Ö–ª–æ–ø–æ–∫,76
–≤–Ω–µ—à–Ω–∏–π,286
—Å–∏–ª—å–Ω—ã–π,559
—Å—Ç–µ–ø–Ω–æ–π,181
1250,109
—Ç—Ä–µ—Ç–∏–π,348
–º–∏—Ä–Ω—ã–π,256
–ø–æ—Ö–æ–∂–∏–π,158
–∫–∞—á–µ—Å—Ç–≤–µ–Ω–Ω—ã–π,343
–Ω–∞—Å—Ç–æ—è—â–∏–π,334
–∏—Å—Ç–æ—Ä–∏—á–µ—Å–∫–∏–π,334
–º–æ–ª–æ—á–Ω—ã–π,199
—Å—á—ë—Ç,71
—Å—Ç–∞—Ä—ã–π,354
—ç–∫–æ–Ω–æ–º–∏—á–µ—Å–∫–∏–π,230
900—Ä—É–±,71
10—à—Ç,84
–ø–µ—Ä—Å–æ–Ω–∞–ª—å–Ω—ã–π,115
–ø—Ä–∏—Ä–æ–¥–Ω—ã–π,188
–∑–∞–º–µ—á–∞—Ç–µ–ª—å–Ω—ã–π,124
–∑–µ–ª—ë–Ω—ã–π,179
–≤–æ–∑–¥—É—à–Ω—ã–π,215
–∫—Ä—É–ø–Ω—ã–π,320
–≤–µ—Å—ë–ª—ã–π,156
–ø—Ä–æ—Å—Ç–æ–π,368
"2023,eminem",69
–æ—Ç–∫—Ä—ã—Ç—ã–π,154
2012,68
89613962520,68
2011,67
–≤–æ–ª—à–µ–±–Ω—ã–π,147
13:00 14:00,67
1840,67
–µ–¥–∏–Ω—Å—Ç–≤–µ–Ω–Ω—ã–π,274
—é—Å—Ç–∏–Ω—Å–∫–∏–π,86
42.44.46.48.50,66
–º–∞–ª—ã–π,310
—Å–≤–µ—Ç–ª—ã–π,430
2013,65
2100,91
2160,65
1390,82
—Å–∞–º—É—é,80
–≥—É–º–∞–Ω–∏—Ç–∞—Ä–Ω—ã–π,156
—Å—Ç–∞–≤—Ä–æ–ø–æ–ª—å—Å–∫–∏–π,82
1000—Ä—É–±,64
–Ω–∞—á–∞–ª—å–Ω—ã–π,89
—à–∫–æ–ª—å–Ω—ã–π,276
–º–æ–±–∏–ª—å–Ω—ã–π,219
–æ–ø–∞—Å–Ω—ã–π,125
89615446888,63
–æ—Ç–¥–µ–ª—å–Ω—ã–π,255
—á–∏—Å—Ç—ã–π,291
—É—á–µ–±–Ω—ã–π,160
—á–µ–ª–æ–≤–µ—á–µ—Å–∫–∏–π,189
–º–∞–ª–µ–Ω—å–∫–∏–π,405
4-—Ö,62
2007,62
–ø–æ–ª–∏—Ç–∏—á–µ—Å–∫–∏–π,198
–≤—ã–≥–æ–¥–Ω—ã–π,241
–≥—Ä–∞–∂–¥–∞–Ω—Å–∫–∏–π,218
–¥–µ–∂—É—Ä–Ω—ã–π,77
–±–µ–∑—É–ø—Ä–µ—á–Ω—ã–π,73
—Ç—Ä–µ–Ω–¥–æ–≤–∞—è,75
10:00,61
–∂–∏–ª–∏—â–Ω—ã–π –∫–æ–º–º—É–Ω–∞–ª—å–Ω—ã–π,61
2016,61
—Å–ª–µ–¥—Å—Ç–≤–µ–Ω–Ω—ã–π,135
–∏–Ω—ã—Ö,61
–∂–µ–Ω—Å—Ç–≤–µ–Ω–Ω—ã–π,196
—é–∂–Ω—ã–π,148
20:00,60
11:00,60
–≤–µ—Ä—Ö–æ–≤–Ω—ã–π,92
—è–¥–µ—Ä–Ω—ã–π,238
—Ü–≤–µ—Ç–æ—á–Ω—ã–π,128
—Ä–∞–∑–º–µ—Ä:42,60
—Ä–æ–∑–æ–≤—ã–π,185
–∫“Ø“Ø–∫–¥,82
–ø–∞—Ç—Ä—É–ª—å–Ω–æ –ø–æ—Å—Ç–æ–≤–æ–π,59
–∞—Ä–≥–æ–Ω–Ω—ã–π,59
1050,80
–ø—Ä–∏–∑–≤–∞–Ω,58
–æ—Å—Ç–∞–ª—å–Ω–æ–µ,58
—Å–≤—è—â–µ–Ω–Ω—ã–π,121
–¥—É—Ö–æ–≤–Ω—ã–π,290
–Ω–∏–∑–∫–∏–π,212
–ø–µ–¥–∞–≥–æ–≥–∏—á–µ—Å–∫–∏–π,104
–ø—Ä–æ—á–∏—Ö,58
–¥–æ–ª–∂–Ω–æ—Å—Ç–Ω–æ–π,104
–∏–Ω–æ–≥–æ,58
89374695223,58
–æ–±—è–∑–∞–Ω–Ω—ã–π,108
–ø–∞–º—è—Ç–Ω—ã–π,119
–º–Ω–æ–≥–æ—á–∏—Å–ª–µ–Ω–Ω—ã–π,144
—Ç—Ä–∞–¥–∏—Ü–∏–æ–Ω–Ω—ã–π,268
–≤–æ–ª–≥–æ–≥—Ä–∞–¥—Å–∫–∏–π,69
—Ü–∏—Ñ—Ä–æ–≤–æ–π,121
–ø–∞—Ä–Ω—ã–π,57
—Ç—Ä–æ–∏—Ü–∫–∏–π,173
–º–æ–Ω–≥–æ–ª—å—Å–∫–∏–π,118
–æ–±–º–∞–Ω–Ω—ã–π,56
–≥–æ–ª–æ–≤–Ω–æ–π,126
1800—Ä—É–±,78
—Ç–∫–∞–Ω—å,158
–æ—Å—Ç–∞–ª—å–Ω—ã—Ö,66
iii,55
–∫–æ–º–Ω–∞—Ç–Ω—ã–π,115
–∫–æ—Å—Ç—é–º–Ω—ã–π,75
–∫–∞—á–µ—Å—Ç–≤–æ,109
2010,54
–±—ã–≤—à–∏–π,183
–ø—Ä–æ–¥—É–∫—Ç–æ–≤—ã–π,54
–≤—ã—Ö–æ–¥–Ω–æ–π,136
–ø—Ä–æ—Ü–µ–Ω—Ç–Ω—ã–π,111
–∫–ª–∞—Å—Å–∏—á–µ—Å–∫–∏–π,285
1200—Ä—É–±,54
–∑–∞–ø–∞–¥–Ω—ã–π,171
–∫–∞–ø–∏—Ç–∞–ª—å–Ω—ã–π,119
–∑–Ω–∞—á–∏–º—ã–π,98
–≤–µ–¥—É—â–∏–π,53
—á—É–∂–æ–π,255
–ø—Ä–∞–∑–¥–Ω–∏—á–Ω—ã–π,254
–≤—Ä–µ–¥–Ω—ã–π,82
–Ω–µ–º–µ—Ü–∫–æ —Ñ–∞—à–∏—Å—Ç—Å–∫–∏–π,65
–≥–ª—É–±–æ–∫–∏–π,272
–∂–µ–ª–∞—Ç–µ–ª—å–Ω—ã–π,68
2025,53
—É–∫—Ä–∞–∏–Ω—Å–∫–∏—Ö,53
1Ô∏è‚É£,52
–æ–±—ã—á–Ω—ã–π,237
–¥–ª–∏–Ω–Ω—ã–π,190
–∏—Å–ø–æ–ª–Ω–∏—Ç–µ–ª—å–Ω—ã–π,91
–∏–Ω–¥–∏–≤–∏–¥—É–∞–ª—å–Ω—ã–π,260
"40,42,44,46,48,50",52
–≥–æ—Ä—è—á–∏–π,223
–º–æ—â–Ω—ã–π,177
2—à—Ç,51
–ª–æ–¥–∂–∏–π,51
—Ü–æ–∫–æ–ª—å–Ω—ã–π,51
–∫–æ—Ä–æ—Ç–∫–∏–π,181
—É—Å–ø–µ—à–Ω—ã–π,88
–∫—É—Ä—Å–∫–∏–π,50
—Å–µ–ª—å—Å–∫–æ–π,50
22:00,50
–¥–µ–∫–æ—Ä–∞—Ç–∏–≤–Ω—ã–π,70
14:00,50
750—Ä—É–±,60
–∫—É—Ö–æ–Ω–Ω—ã–π,94
–Ω–æ–≤–æ–≥–æ–¥–Ω–∏–π,125
–∏–Ω—Ç–µ–ª–ª–µ–∫—Ç—É–∞–ª—å–Ω—ã–π,118
–≤–∫—É—Å–Ω—ã–π,237
2002,49
—é—Ä–∏–¥–∏—á–µ—Å–∫–∏–π,161
–≤–æ–¥–Ω—ã–π,91
1280—Ä—É–±,49
–Ω–µ—Ä–µ–∞–ª—å–Ω—ã–π,125
—Å–≤–µ–∂–∏–π,271
—Å–∫–æ—Ä—ã–π,62
–æ—Å—Ç–∞–ª—å–Ω—ã–µ,66
–ø–æ–Ω—è—Ç–Ω—ã–π,129
–æ—Ñ–∏—Ü–∏–∞–ª—å–Ω—ã–π,233
–ø–æ–ª–æ–∂–∏—Ç–µ–ª—å–Ω—ã–π,165
–±”ô”ô“ó,142
–º–æ–ª–æ–¥—ë–∂–Ω—ã–π,154
–∏–Ω—ã–µ,48
–º–æ—Å–∫–æ–≤—Å–∫–∏–π,111
–∑–∞–º–µ—Ç–Ω—ã–π,47
–≤–µ—á–Ω—ã–π,141
—Å—É–¥–µ–±–Ω—ã–π,164
—Å—Ç—É–¥–µ–Ω—á–µ—Å–∫–∏–π,115
–±—ã—Ç–æ–≤–æ–π,165
–≤—Ä–µ–º–µ–Ω–Ω–æ–π,116
—Ä–∞—Å–ø–æ–ª–æ–∂–µ–Ω–∞,47
–∞–ª–∫–æ–≥–æ–ª—å–Ω—ã–π,97
1350—Ä—É–±,62
2-–∫–∞,47
–∫–Ω–∏–∂–Ω—ã–π,140
–º–Ω–æ–≥–æ–ø—Ä–æ—Ñ–∏–ª—å–Ω—ã–π,79
–Ω–µ—Ä–≤–Ω—ã–π,83
–ø—Ä–∞–≤–∏–ª—å–Ω—ã–π,287
–∫—Ä–∞–π–Ω–∏–π,61
—Ç“Ø—Ä“Ø–Ω,46
–≤–∑—Ä–æ—Å–ª—ã–π,130
–æ–≥—Ä–∞–Ω–∏—á–µ–Ω–Ω—ã–π,46
–¥—Ä–µ–≤–Ω–∏–π,173
–¥–≤–æ–π–Ω–æ–π,91
3360,46
—è–ø–æ–Ω—Å–∫–∏–π,153
–∏–Ω—Ñ–æ—Ä–º–∞—Ü–∏–æ–Ω–Ω—ã–π,302
—É–≤–µ—Ä–µ–Ω–Ω—ã–π,110
–¥–∏—Å—Ç–∞–Ω—Ü–∏–æ–Ω–Ω—ã–π,69
–Ω–µ–≥–∞—Ç–∏–≤–Ω—ã–π,139
–ø–∏—â–µ–≤–æ–π,104
–≤–µ—Å–µ–Ω–Ω–∏–π,183
–º—É–∑—ã–∫–∞–ª—å–Ω—ã–π,195
–ø—Ä–∞–≤–æ–≤–æ–π,102
–æ—Ç–µ—á–µ—Å—Ç–≤–µ–Ω–Ω—ã–π,122
–ø–∞—Ä—Ç–∏–π–Ω—ã–π,162
–º–Ω–æ–≥–æ–ª–µ—Ç–Ω–∏–π,64
–¥–æ—Ä–æ–∂–Ω–æ —Ç—Ä–∞–Ω—Å–ø–æ—Ä—Ç–Ω—ã–π,45
–Ω–µ–ø–æ–≤—Ç–æ—Ä–∏–º—ã–π,77
–ø–ª–æ–¥–æ–≤—ã–π,45
–≤–æ–∑–º–æ–∂–Ω—ã–π,304
–∑–≤—ë–∑–¥–Ω—ã–π,44
2009,44
–Ω–æ—Ä–º–∞–ª—å–Ω—ã–π,182
–ª–µ–≤—ã–π,68
2006,44
—Ä–∞—Å–ø–æ–ª–æ–∂–µ–Ω,44
–±–æ–ª“ª–Ω,44
–±—ã—Å—Ç—Ä—ã–π,217
–¥–µ–ª–æ–≤–æ–π,165
1600—Ä—É–±,44
–º–Ω–æ–≥–æ–¥–µ—Ç–Ω—ã–π,82
–ø—è—Ç—ã–π,72
2008,43
–≤–æ–∑—Ä–∞—Å—Ç–Ω–æ–π,55
–∫–∞–∑–∞–Ω—Å–∫–∏–π,68
–ø–ª–µ—á–µ–≤–æ–π,55
—Ç—Ä–∏–∫–æ—Ç–∞–∂–Ω—ã–π,109
89224586769,43
—Ä–∞—Å–ø–æ–ª–æ–∂–µ–Ω—ã,42
3500,42
–∞–≤—Ç–æ–Ω–æ–º–Ω—ã–π,57
–ø–æ—Å–≤—è—â—ë–Ω–Ω—ã–π,42
1991,42
1700,77
2800,42
2250,42
–¥—É—à–µ–≤–Ω—ã–π,216
1941 1945,41
–º–Ω–æ–≥–æ–∫–≤–∞—Ä—Ç–∏—Ä–Ω—ã–π,80
–∑–µ–º–µ–ª—å–Ω—ã–π,94
2005,41
–≤–∏—Ä—Ç—É–∞–ª—å–Ω—ã–π,107
—Å—Ç–∞–ª–∏–Ω–≥—Ä–∞–¥—Å–∫–∞—è,41
—Å—Ç—Ä–∞—Ç–µ–≥–∏—á–µ—Å–∫–∏–π,84
–º–µ–Ω—Ç–∞–ª—å–Ω—ã–π,81
–≥–µ—Ä–æ–∏—á–µ—Å–∫–∏–π,113
"44,46,48,50,52",41
–≤–Ω–∏–º–∞–Ω–∏–µ,41
–º–∞—Ç–µ—Ä–∏–∞–ª,55
1000,41
–ø—Ä–µ–∑–∏–¥–µ–Ω—Ç—Å–∫–∏–π,90
–æ—Ç—á—ë—Ç,41
—Ç–µ–∞—Ç—Ä–∞–ª—å–Ω—ã–π,85
–±–ª–∞–≥–æ–¥–∞—Ä–Ω—ã–π,122
–≤–µ—Å–æ–≤–æ–π,52
–¥–≤—É—Ö–∫–æ–º–Ω–∞—Ç–Ω—ã–π,40
–ø—Ä–∞–≤—ã–π,71
–±–ª–∞–≥–æ—Ç–≤–æ—Ä–∏—Ç–µ–ª—å–Ω—ã–π,107
–∏–≥—Ä–æ–≤–æ–π,115
3520,40
8905 400,40
–∏–∑–±–∏—Ä–∞—Ç–µ–ª—å–Ω—ã–π,123
–±—é–¥–∂–µ—Ç–Ω—ã–π,73
–±—É–¥–¥–∏–π—Å–∫–∏–π,136
—Ü–µ–Ω–Ω—ã–π,107
—Å—É—Ö–æ–π,111
–∂–∏–ª–æ–π,120
—Å–æ–ª–Ω–µ—á–Ω—ã–π,142
–∑–∞–ø–æ—Ä–æ–∂—Å–∫–∏–π,39
–æ–±—è–∑–∞—Ç–µ–ª—å–Ω—ã–π,117
–∫—Ä—É–≥–ª—ã–π,90
–ø–ª–æ—Ç–Ω—ã–π,137
—É—á–∞—Å—Ç–∫–æ–≤—ã–π,143
–ø–æ—Å—Ç–µ–ª—å–Ω—ã–π,49
–º–∞—à–∏–Ω–Ω—ã–π,39
1380,39
–∞–Ω—Ç–∏–∞–ª–ª–µ—Ä–≥–µ–Ω–Ω—ã–π,66
–¥–∞–ª—å–Ω–µ–π—à–µ–π,38
—Å–≤—è—Ç–æ–π,168
16:00,48
–ø–ª–∞—Å—Ç–∏–∫–æ–≤—ã–π,69
—Ö–æ–ª–æ–¥–Ω—ã–π,161
1999,38
17:00,38
–ø—Ä–æ–µ–∑–∂–∏–π,38
–∫–µ–ª–≤,38
–≤—ã–Ω—É–∂–¥–µ–Ω—ã,38
–±–µ–∑–æ–ø–∞—Å–Ω—ã–π,115
–¥–∞–Ω–Ω—É—é,38
—Å–º–µ–ª—ã–π,58
–∑–∞–∫–æ–Ω–Ω—ã–π,57
–ø—Ä–æ—Ñ–∏–ª–∞–∫—Ç–∏—á–µ—Å–∫–∏–π,111
"48,50,52,54,56",38
–ø–æ–ª–æ—Ç–Ω–æ,38
–±—Ä—é—á–Ω—ã–π,79
–ø–æ–¥–∫–ª–∞–¥–∫–∞,38
—á–∞–π–Ω–æ–≥–∏–±—Ä–∏–¥–Ω—ã–µ,38
–ø–∞—Ä–∫–æ–≤—ã–π,38
–±–æ—Ä–¥—é—Ä–Ω—ã–π,38
—Å–µ–≤–µ—Ä–Ω—ã–π,135
—á–∞—Å—Ç–Ω—ã–π,118
–Ω–µ–∑–∞–±—ã–≤–∞–µ–º—ã–π,84
—Ç–µ—Ö–Ω–∏—á–µ—Å–∫–∏–π,190
–∫—Ä–∞—Å–Ω–æ–¥–∞—Ä—Å–∫–∏–π,37
–∫–ª—é—á–µ–≤–æ–π,80
–ª–∏—à–Ω–∏–π,152
–º–æ—Ä—Å–∫–æ–π,146
—Ä–µ–∞–ª—å–Ω—ã–π,240
—Ç—ë–º–Ω—ã–π,118
—Ä–∞–Ω–Ω–∏–π,102
1957,37
–ø–æ–∂–∏–ª–æ–π,130
—Å–æ–≤–º–µ—Å—Ç–Ω—ã–π,192
–∫–æ–∂–∞–Ω—ã–π,58
800—Ä—É–±,37
700—Ä—É–±,49
–ø–µ—Ä–µ–¥–Ω–∏–π,58
—Ä—É—á–Ω–æ–π,37
–±—Ä—é–∫–∏,48
—Ä–æ—Å—Ç,61
"40,42,44,46,48,50,52",37
–æ–ø–µ—Ä–∞—Ç–∏–≤–Ω—ã–π —Ä–∞–∑—ã—Å–∫–Ω—ã—Ö,37
—Ö—É–¥–æ–∂–µ—Å—Ç–≤–µ–Ω–Ω—ã–π,164
—Ç–µ—Ä—Ä–∏—Ç–æ—Ä–∏–∞–ª—å–Ω—ã–π,104
–º–ª–∞–¥—à–∏–π,178
–∑–æ–ª–æ—Ç–æ–π,129
–æ–±—Ä–∞—Ç–Ω—ã–π,79
—É–≤–µ—Ä–µ–Ω—ã,59
–Ω–µ–æ–±—ã—á–Ω—ã–π,123
2500,53
—é–±–∏–ª–µ–π–Ω—ã–π,70
78-–π,36
–¥–æ—Å—Ç–æ–π–Ω—ã–π,219
–∫–æ–Ω–∫—Ä–µ—Ç–Ω—ã–π,123
–¥—Ä—É–≥–æ–º—É,36
–∫–∞—Ñ–µ–¥—Ä–∞–ª—å–Ω—ã–π,36
–ø—Å–∏—Ö–æ—Ç—Ä–æ–ø–Ω—ã–π,36
–æ–ø–µ—Ä–∞—Ç–∏–≤–Ω—ã–π —Ä–æ–∑—ã—Å–∫–Ω–æ–π,36
–∞–Ω–æ–Ω–∏–º–Ω—ã–π,36
–º–∞—Å—Å–æ–≤—ã–π,139
–æ–¥–Ω–æ–º–∞–Ω–¥–∞—Ç–Ω—ã–π,35
–ø—Ä–æ—á–∏–µ,35
–∞–∫–∞–¥–µ–º–∏—á–µ—Å–∫–∏–π,53
—Å–ª—É–∂–µ–±–Ω—ã–π,88
–Ω–∏–∫–æ–ª–∞–µ–≤–Ω–∞,45
–±–æ–≥–∞—Ç—ã–π,154
—ç–∫–æ–ª–æ–≥–∏—á–µ—Å–∫–∏–π,137
–ø–æ—Å–ª–µ–¥—É—é—â–∏–π,85
1989,34
–æ–¥–Ω–æ–∫–æ–º–Ω–∞—Ç–Ω—ã–π,34
–ø—Ä–∏–≤–µ—Ç—Å—Ç–≤–µ–Ω–Ω—ã–π,34
–æ—á–Ω—ã–π,50
”©–≤–≥–Ω,34
—Ö–µ—Ä—Å–æ–Ω—Å–∫–∏–π,34
—Å–∫–ª–æ–Ω–Ω—ã–π,50
–Ω–µ–∏–∑–≤–µ—Å—Ç–Ω—ã–π,127
—Ç–æ—Ä–≥–æ–≤—ã–π,64
—Ç—É—Ä–∏—Å—Ç–∏—á–µ—Å–∫–∏–π,101
–≥–∏–∞–ª—É—Ä–æ–Ω–æ–≤–æ–π,34
2200—Ä—É–±,34
—Å–æ—á–Ω—ã–π,58
42/44/46/48/50/52,34
1290,47
—Å–ø–∞–ª—å–Ω—ã–π,79
–æ–ª–∏–º–ø–∏–π—Å–∫–∏–π,43
–∞–≤—Ç–æ—Ä—Å–∫–∏–π,66
–ø–∏—Ç—å–µ–≤–æ–π,33
–Ω–µ–ø–ª–æ—Ö–æ–π,33
1993,33
–±–æ–ª–≤,33
–∂–∏–ª–∏—â–Ω—ã–π,82
15:00,33
–µ–∂–µ–≥–æ–¥–Ω—ã–π,93
—Å–æ—Ü–∏–∞–ª–∏—Å—Ç–∏—á–µ—Å–∫–∏–π,43
—Å–∏–ª–æ–≤–æ–π,33
–¥–æ–Ω–µ—Ü–∫–∏–π,33
–≥—Ä–∞–±–±–µ–≤—Å–∫–∞—è,33
8:30 16:00,33
2030,32
–ø–µ—Ä–º–∞–Ω–µ–Ω—Ç–Ω—ã–π,32
–ø–æ–¥–æ–±–Ω—ã–π,89
xiv,32
2004,32
–∑–∏–º–Ω–∏–π,162
–∫–æ—Å–º–∏—á–µ—Å–∫–∏–π,129
–±–æ–ª–≤—á–Ω,32
1940,32
–±–µ–ª–≥–æ—Ä–æ–¥—Å–∫–∏–π,32
—Å–æ–æ—Ç–≤–µ—Ç—Å—Ç–≤—É—é—â–∏–π,81
—Å—Ç—Ä—É–∫—Ç—É—Ä–Ω—ã–π,32
500—Ä—É–±,32
—É–Ω–∏–≤–µ—Ä—Å–∞–ª—å–Ω—ã–π,131
—Ç–µ–∫—Å—Ç–∏–ª—å–Ω—ã–π,32
–ø–æ–¥—Ä–æ—Å—Ç–∫–æ–≤—ã–π,76
2480,32
–±–ª–∞–≥–æ—Å–ª–∞–≤–µ–Ω–Ω–æ–≥–æ,32
–Ω–∞–ª–æ–≥–æ–≤—ã–π,134
–±–ª–∞–≥–æ–π,69
–¥—Ä–∞–º–∞—Ç–∏—á–µ—Å–∫–∏–π,51
–∫–æ–º–ø–ª–µ–∫—Å–Ω—ã–π,73
1997,31
–∫–∏—Ç–∞–π—Å–∫–∏–π,141
—Å–µ—Ä–¥–µ—á–Ω–æ —Å–æ—Å—É–¥–∏—Å—Ç—ã–π,48
1995,31
—Ç–µ—Ä–Ω—å,31
–º–æ–¥–Ω,31
1990,31
–∑–∞—Å–ª—É–∂–µ–Ω–Ω—ã–π,31
–ø–æ–¥–≤–µ–¥–æ–º—Å—Ç–≤–µ–Ω–Ω—ã–π,31
–≤–Ω–∏–º–∞—Ç–µ–ª—å–Ω—ã–π,67
–ª—É–Ω–Ω—ã–π,44
—Ö—Ä–æ–Ω–∏—á–µ—Å–∫–∏–π,71
—Å—Ç—Ä–∞—à–Ω—ã–π,191
–∞—Ä—Ç–µ—Ä–∏–∞–ª—å–Ω—ã–π,45
–≥–∞–∑–æ–≤—ã–π,63
1360—Ä—É–±,31
–≤—è–∑–∫–∏–π,31
—Ü–µ–Ω–∞ —à—Ç—É—á–Ω—ã–π,31
–æ–ø—ã—Ç–Ω—ã–π,73
–ø—Ä–æ–±–ª–µ–º–Ω—ã–π,61
2001,30
—Ñ–∞—à–∏—Å—Ç—Å–∫–∏–π,69
1961,30
1994,30
—Å—Ç—Ä–æ–∏—Ç–µ–ª—å–Ω—ã–π,60
–∫–≤–∞–¥—Ä–∞—Ç–Ω—ã–π,30
—Ñ–∏–ª–æ–ª–æ–≥–∏—á–µ—Å–∫–∏–π,30
–æ—á–∞—Ä–æ–≤–∞—Ç–µ–ª—å–Ω—ã–π,83
–ª—É–≥–∞–Ω—Å–∫–∏–π,30
–Ω–µ–∑–∞–∫–æ–Ω–Ω—ã–π,171
—Å—Ç—Ä–µ–ª–∫–æ–≤—ã–π,48
—É–∫—Ä–∞–∏–Ω—Å–∫–æ–π,30
–±–∞—Ä—Ö–∞—Ç,30
44/46/48/50/52/54,30
–±—Ä—è–Ω—Å–∫–∏–π,30
–Ω–µ–¥–µ–ª—å–Ω—ã–π,30
–∞–≤—Ç–æ—Ç—Ä–∞–Ω—Å–ø–æ—Ä—Ç–Ω—ã–π,30
–∏–¥e—Ç,30
–µ—Å—Ç–µ—Å—Ç–≤–µ–Ω–Ω—ã–π,152
–∑–∞—Å–ª—É–∂–µ–Ω–Ω–æ–π,29
—ç–º–æ—Ü–∏–æ–Ω–∞–ª—å–Ω—ã–π,134
–ø–æ–¥–∞—Ä–æ—á–Ω—ã–π,92
2003,29
—Ç–µ—Ä“Ø–Ω”ô,29
—è—Å–Ω—ã–π,67
–ª—å–≥–æ—Ç–Ω—ã–π,115
–ø—Ä–∞–≤–æ—Å–ª–∞–≤–Ω—ã–π,65
–ø–µ–Ω—Å–∏–æ–Ω–Ω—ã–π,66
–∑–µ–º–Ω–æ–π,46
—Å–ª–∞–±—ã–π,40
—Ä–µ–ª–∏–≥–∏–æ–∑–Ω—ã–π,96
–±–µ—Ä–µ–º–µ–Ω–Ω—ã–π,29
–ª–∏—Ç–µ—Ä–∞—Ç—É—Ä–Ω—ã–π,99
–ø—Ä–µ—Å—Ç—É–ø–Ω—ã–π,45
–ø–æ—Ç—Ä—è—Å–Ω—ã–π,29
250—Ä,29
1899,29
40/42/44/46/48/50,29
8922 458,29
–±–æ–º–±–∏—á–µ—Å–∫–∞—è,29
–ø–µ—Ç—Ä–æ–≤,70
–ø–ª–∞—Ç–æ–≤—Å–∫–∞—è,29
1896,43
–¥–Ω–µ–≤–Ω—ã–π,28
2600,38
–∫–∞–¥—Ä–æ–≤—ã–π,47
–ø—Å–∏—Ö–æ–ª–æ–≥–∏—á–µ—Å–∫–∏–π,60
–æ—Å–æ–±–µ–Ω–Ω—ã–π,75
—ç—Ñ—Ñ–µ–∫—Ç–∏–≤–Ω—ã–π,152
–ø—Ä–µ–¥—ã–¥—É—â–∏–π,93
“ó–∏–ª–¥,28
1996,28
1992,28
–º–∞—Ç–µ—Ä–∏–∞–ª—å–Ω—ã–π,135
–∑–Ω–∞—á–∏—Ç–µ–ª—å–Ω—ã–π,108
–∫–æ–∂–Ω—ã–π,96
–Ω–µ–≤–µ—Ä–æ—è—Ç–Ω—ã–π,123
—á—É–¥–µ—Å–Ω—ã–π,171
—Ö–∞–≥–ª—ã—à–µ–≤–æ–π,28
—Ç—è–∂–∫–∏–π,55
–≤–µ—á–µ—Ä–Ω–∏–π,96
–±–∏–æ–ª–æ–≥–∏—á–µ—Å–∫–∏–π,39
–Ω–∞–¥—ë–∂–Ω—ã–π,79
–ø–ª–∞—Ç–Ω—ã–π,28
—Ö–ª–æ–ø–∫–æ–≤—ã–π,55
38-,28
–¥–æ—Å—Ç–æ–≤–µ—Ä–Ω—ã–π,38
—É–ª—å—Ç—Ä–∞–º–æ–¥–Ω—ã–π,38
850—Ä—É–±,28
–≥–∏–ø–æ–∞–ª–ª–µ—Ä–≥–µ–Ω–Ω—ã–π,28
—Å—Ç–æ–ª–∏—á–Ω—ã–π,43
–Ω–µ–∏—Å—Å—è–∫–∞–µ–º—ã–π,27
–∫–∞—Ä–º–∏—á–µ—Å–∫–∏–π,40
—ç–Ω–µ—Ä–≥–µ—Ç–∏—á–µ—Å–∫–∏–π,98
–≤–∏–¥–∏–º—ã–π,27
–∫–æ–º—Å–æ–º–æ–ª—å—Å–∫–∏–π,27
—Å–ø–æ–∫–æ–π–Ω—ã–π,78
—Ü–≤–µ—Ç–Ω–æ–π,63
–Ω–æ–º—Ç–æ,27
–¥—Ä—É–∂–Ω—ã–π,42
“ª–∞—Ä“ª–∞–¥,27
xix,27
–ø—Ä–∏–æ—Ä–∏—Ç–µ—Ç–Ω—ã–π,27
—á–µ—Ä–Ω–æ–±—ã–ª—å—Å–∫–æ–π,27
—Å–µ—Ä—å—ë–∑–Ω—ã–π,127
13:00,27
–∑–∞—Ä–∞–±–æ—Ç–Ω—ã–π,64
–∑–ª–æ–π,68
–∫–æ–º–º—É–Ω–∞–ª—å–Ω—ã–π,64
–ø–ª–∞–Ω–æ–≤—ã–π,27
–º–∞–ª–∏–Ω–æ–≤—ã–π,41
—à—Ç—É–∫,27
1086,27
–¥–µ–º–∏—Å–µ–∑–æ–Ω–Ω—ã–π,27
8:30 15:00,27
106–∞,27
–∞–≤—Ç–æ–º–∞—Ç–∏—á–µ—Å–∫–∏–π,27
–∞–Ω–∞—Ü–∫–æ–≥–æ,27
—Ç—Ä–µ—Ö–∫–æ–º–Ω–∞—Ç–Ω–∞—è,27
09:00,26
—Å–º–µ—à–∞–Ω–Ω—ã–π,43
–∑–∞—Å–ª—É–∂–µ–Ω–Ω–æ–≥–æ,26
–ø—É–±–ª–∏—á–Ω—ã–π,52
—Ä–∞—Å–ø–æ–ª–æ–∂–µ–Ω–Ω—ã–π,26
–∂—ë–ª—Ç—ã–π,75
–≥–æ—Ä—å–∫–∏–π,59
1965,26
–ø–æ–ª–µ–≤–æ–π,38
–≤–æ—Å—Ç–æ—á–Ω—ã–π,68
—Å–µ–ª—å—Å–∫–æ—Ö–æ–∑—è–π—Å—Ç–≤–µ–Ω–Ω—ã–π,26
—Å–∞–¥–æ–≤—ã–π,26
–¥–µ—à—ë–≤—ã–π,26
"46,48,50,52,54",26
–ø—Ä–∏—á–∞—Å—Ç–Ω—ã–π,50
–∏–Ω—Ç–µ—Ä–∞–∫—Ç–∏–≤–Ω—ã–π,26
–ø—è—Ç–µ–Ω,26
–º–∏–ª–æ—Å–µ—Ä–¥–Ω—ã–π,41
—ç–∫–∑–µ–º—É,26
600—Ä—É–±,25
–∞–≤—Ç–æ–º–æ–±–∏–ª—å–Ω—ã–π,52
–ø—Ä–æ—Ç–∏–≤–æ–ø—Ä–∞–≤–Ω—ã–π,42
–∏—Å—Ç–∏–Ω–Ω—ã–π,130
–≤—ã–Ω—É–∂–¥–µ–Ω–Ω—ã–π,25
—Ç–∞–ª–∞–Ω—Ç–ª–∏–≤—ã–π,107
–∫–æ–ª–ª–µ–∫—Ç–∏–≤–Ω—ã–π,58
–ª–µ–∫–∞—Ä—Å—Ç–≤–µ–Ω–Ω—ã–π,37
–º–∏–Ω—É–≤—à–∏–π,43
–∞–º–µ—Ä–∏–∫–∞–Ω—Å–∫–∏–π,103
–ª–µ–≥–∫–æ–≤–æ–π,43
–º–∞—Å—à—Ç–∞–±–Ω—ã–π,106
–ø–æ–≥–æ–¥–Ω—ã–π,37
–ø—Å–∏—Ö–æ–∞–∫—Ç–∏–≤–Ω—ã–π,25
2022 2023,25
–±–ª—É–∑–∫–∏,25
–º—É–¥—Ä—ã–π,54
–±–¥–∏—Ç–µ–ª—å–Ω—ã–π,25
–æ–±—ä—ë–º–Ω—ã–π,25
1850,44
—Ä–æ—Å–∫–æ—à–Ω—ã–π,89
37-,25
1060,25
–æ—Ä–∞–Ω–∂–µ–≤—ã–π,41
–∫—Ä–æ—è,37
–Ω–µ–∂–∏–ª–æ–π,25
–∞–¥—ã–∫–æ–≤—Å–∫–∞—è,25
–±–µ–ª—å–µ–≤–æ–π,25
11–≥,25
1-–π,47
—ç–ª–∏—Å—Ç–∏–Ω—Å–∫–∞—è,24
–∫–æ–Ω–Ω—ã–π,36
–∫–∞—Ä—å–µ—Ä–Ω—ã–π,34
19:00,24
1938,24
–≥—Ä–∞–º–æ—Ç–Ω—ã–π,24
1971,24
—Ç–µ–º–∞—Ç–∏—á–µ—Å–∫–∏–π,71
—Ç–∏—Ö–∏–π,24
–ø–æ–∑–∏—Ç–∏–≤–Ω—ã–π,106
–±–ª–∞–≥–æ–ø—Ä–∏—è—Ç–Ω—ã–π,96
–¥–æ–ª–≥–æ–π,24
–±–∞–Ω–∫–æ–≤—Å–∫–∏–π,94
–∏–∫–∏ –±—É—Ä—É–ª—å—Å–∫–æ–º,24
–º–∞—Ç–µ—Ä–∏–Ω—Å–∫–∏–π,38
–∫–≤–∞–ª–∏—Ñ–∏—Ü–∏—Ä–æ–≤–∞–Ω–Ω—ã–π,24
—Å–∫–æ—Ä–µ–π!http://s.likee.video sid/1041313008?b=950871525&amp;c vk&amp;l,24
–≥—Ä–∞—Ñ–∏—Ç–æ–≤—ã–π,24
—Ñ—Ä–æ–Ω—Ç–æ–≤–æ–π,24
—à—Ç—É—á–Ω–æ:1760,24
—É–ø–∞–∫–æ–≤–∫–∞,24
1920—Ä—É–±,24
—Ö–æ—Ä–æ—à–æ–µ,24
—Ñ—Ä–∞–Ω—Ü—É–∑—Å–∫–∏–π,80
–¥–æ–±—Ä–æ–π,24
–∑–∞—â–∏—Ç–Ω—ã–π,41
–ø–∏—Ä–∞–º–∏–¥–∞–ª—å–Ω—ã–π,24
–ø—É—Ö–æ–≤—ã–π,24
–≤–æ–µ–Ω–Ω—ã–π —Å—Ç—Ä–∞—Ç–µ–≥–∏—á–µ—Å–∫–∏–π,24
17–µ,24
–Ω–µ—Ä–∞–≤–Ω–æ–¥—É—à–Ω—ã–π,63
–æ—Å—Ç—Ä—ã–π,69
–∞–Ω–≥–ª–∏–π—Å–∫–∏–π,41
–¥–Ω–µ–≤–Ω–æ–π,23
–Ω–æ—á–Ω–æ–π,86
–æ–π—Ä–∞—Ç—Å–∫–∏—Ö,23
–∏–Ω–æ–µ,23
–æ—Å—Ç–æ—Ä–æ–∂–Ω—ã–π,50
–Ω–∞—Å—Ç–æ–ª—å–Ω—ã–π,34
1917,23
1922,23
–æ—Ç–≤–µ—Ç—Å—Ç–≤–µ–Ω–Ω—ã–π,103
–º–æ–±–∏–ª–∏–∑–æ–≤–∞–Ω–Ω—ã–º,23
–≤—Å–µ–≤–æ–∑–º–æ–∂–Ω—ã–π,38
–Ω–µ–ø—Ä–∏—è—Ç–Ω—ã–π,75
–ø—Ä–æ—Å—Ç–æ—Ä–Ω—ã–π,45
–±–æ–Ω—É—Å–Ω—ã–π,40
–∫–æ–Ω—Ü–µ—Ä—Ç–Ω—ã–π,49
–º–µ–∂–¥—É–Ω–∞—Ä–æ–¥–Ω–æ–π,23
–Ω–µ—Å—á–∞—Å—Ç–Ω—ã–π,52
–¥–æ—Ä–æ–∂–Ω—ã–π —Ç—Ä–∞–Ω—Å–ø–æ—Ä—Ç–Ω—ã–π,33
–∑–∞—Ä—É–±–µ–∂–Ω—ã–π,23
—ç–∫—Å—Ç—Ä–µ–Ω–Ω—ã–π,53
–≥—Ä—É–∑–æ–≤–æ–π,40
28-—Ä–æ—Å—Å–∏–π—Å–∫–∏–π,23
—Ç–æ–ø–æ–≤—ã–π,79
600—Ä,23
—Ñ—ç–Ω—à—É–π,23
1390—Ä—É–±,23
–∏—Å–∫—É—Å—Å—Ç–≤–µ–Ω–Ω—ã–π,54
—Ä–∞–∑–Ω–æ–æ–±—Ä–∞–∑–Ω—ã–π,48
–Ω–∞—Å—ã—â–µ–Ω–Ω—ã–π,56
–¥–ª–∏—Ç–µ–ª—å–Ω—ã–π,57
–ø–æ–≤—Ç–æ—Ä–Ω—ã–π,34
–∂–∏—Ä–æ–≤–æ–π,40
1986,22
–≥–µ–Ω–µ—Ä–∞–ª—å–Ω—ã–π,49
–ø–æ—á—ë—Ç–Ω—ã–π,146
—ç–∫—Å—Ç—Ä–µ–º–∞–ª—å–Ω—ã–π,22
—Ç“Ø“Ø–Ω”ô,36
–≥–µ–Ω—Ç–∫–Ω,22
1963,22
–±–æ–ª—å–Ω–æ–π,89
—á—Ä–µ–∑–≤—ã—á–∞–π–Ω—ã–π,42
—Ä–∞–¥–æ—Å—Ç–Ω—ã–π,22
—Å–æ—Å–µ–¥–Ω–∏–π,52
–∏–Ω—É—é,22
vii,22
–Ω–µ–∏–∑–±–µ–∂–Ω—ã–π,22
06:00,22
–Ω–∏–∂–Ω–∏–π,94
–º–µ–∂—Ä–µ–≥–∏–æ–Ω–∞–ª—å–Ω—ã–π,62
–æ—Ç–¥–∞–ª—ë–Ω–Ω—ã–π,22
8:30,22
—Å—Ç—Ä–æ–≥–∏–π,36
2-–π,41
1850—Ä—É–±,22
1000 30000,22
26-—Ä–æ—Å—Å–∏–π—Å–∫–∏–π,22
27-—Ä–æ—Å—Å–∏–π—Å–∫–∏–π,22
29-—Ä–æ—Å—Å–∏–π—Å–∫–∏–π,22
–±—Ä–µ–Ω–¥–æ–≤—ã–π,22
1440—Ä—É–±,22
‚Äº—Å–ø–æ—Ä—Ç–∏–≤–Ω—ã–π,22
–∫–æ—Ä–æ–ª–µ–≤—Å–∫–∏–π,36
–ø—Ä–∏–±–ª–∏–∂–∞–µ—Ç—Å—è,22
–æ—Ç–∫—Ä—ã—Ç,22
3-–∫–∞,22
–≤–µ–∫–æ–≤–æ–π,22
–Ω–∞—Ü–∏–æ–Ω–∞–ª—å–Ω—ã–π –æ—Å–≤–æ–±–æ–¥–∏—Ç–µ–ª—å–Ω—ã–π,22
–ø—Ä–∏–∑–Ω–∞—Ç–µ–ª—å–Ω—ã–π,22
–ø—Ä–∏–∑–æ–≤–æ–π,39
–ø–µ—Ä—Å–ø–µ–∫—Ç–∏–≤–Ω—ã–π,32
–≤–∏–¥–Ω—ã–π,55
—Å–µ—Ä–¥–µ—á–Ω—ã–π,59
—Ä–∞—Å—Ç–∏—Ç–µ–ª—å–Ω—ã–π,35
–∑–∞—Å–ª—É–∂–µ–Ω–Ω–∞—è,35
–∫–∞–º–µ–Ω–Ω—ã–π,21
1987,21
—á–µ—á–µ–Ω—Å–∫–∏–π,21
–≤–æ—Å–ø–∏—Ç–∞—Ç–µ–ª—å–Ω—ã–π,21
–∫”©–≤“Ø–Ω”ô,21
–ø–µ—Ä–µ–¥–Ω–µ–π,21
–Ω–µ–Ω—É–∂–Ω—ã–π,31
–≤—ã–¥–∞—é—â–∏–π—Å—è,21
–Ω–µ–¥–æ—Å—Ç–∞—Ç–æ—á–Ω—ã–π,21
–ø—Ä–æ—Ç–∏–≤–æ–ø–æ–ª–æ–∂–Ω—ã–π,21
–ø–æ–¥–≤–µ—Ä–∂–µ–Ω–Ω—ã–π,21
—Å–ø–∏—Ä—Ç–Ω–æ–π,21
—â–∏—Ç–æ–≤–∏–¥–Ω—ã–π,21
–∂–∞—Ä–∫–∏–π,35
—Ä–µ–≥—É–ª—è—Ä–Ω—ã–π,48
–ø—Ä–∏—ë–º–Ω—ã–π,37
—É–ø–æ–ª–Ω–æ–º–æ—á–µ–Ω–Ω—ã–π,21
–Ω–µ–∑–∞–≤–∏—Å–∏–º—ã–π,47
–Ω–µ–∂–µ–ª–∞—Ç–µ–ª—å–Ω—ã–π,21
—Ö–∏–º–∏—á–µ—Å–∫–∏–π,74
–≤–µ—Å–µ–Ω–Ω–µ –ª–µ—Ç–Ω–∏–π,21
25-—Ä–æ—Å—Å–∏–π—Å–∫–∏–π,21
—Ä–æ–º–∞–Ω—Ç–∏—á–Ω—ã–π,77
–∫–æ—Å—Ç—é–º,55
—Å–±–æ—Ä,21
—Å–µ—Ä–µ–±—Ä–∏—Å—Ç—ã–π,21
–∫–æ–º—Å–æ–º–æ–ª—å—Å–∫–∏–π –¥.19,21
—Ç–µ–ª.–∫–æ–Ω—Ç–∞–∫—Ç–Ω—ã–π,21
–∫–æ—à–µ–∫&quot,21
–ø–ª–∞—Å—Ç–∏—á–µ—Å–∫–∏–π,21
—Ö–∏—Ä—É—Ä–≥–∏—á–µ—Å–∫–∏–π,21
–∞–¥—ã–∫–æ–≤—Å–∫–æ–π,21
–º–Ω–æ–≥–æ–ø–æ–ª—å–∑–æ–≤–∞—Ç–µ–ª—å—Å–∫–∏–π,21
–≤–æ—Å–∫–æ–≤–æ–π,32
1958,20
1918,20
—É–∫—Ä–∞–∏–Ω—Å–∫–∏–µ,20
–≥–µ–æ—Ä–≥–∏–µ–≤—Å–∫–∏–π,31
2200,20
—Ä–æ–∂–¥–µ—Å—Ç–≤–µ–Ω—Å–∫–∏–π,20
—Å—Ç–∞–±–∏–ª—å–Ω—ã–π,20
—Ç–∞–Ω—Ü–µ–≤–∞–ª—å–Ω—ã–π,20
–ø—Ä–∏–≤—ã—á–Ω—ã–π,63
–∂–∏—Ä–Ω—ã–π,43
—Å–ª–∞–¥–∫–∏–π,66
1983,20
—Ñ–∞—Ä—Ñ–æ—Ä–æ–≤—ã–π,30
–æ–ø—Ä–µ–¥–µ–ª—ë–Ω–Ω—ã–π,49
1972,20
–æ–ø–µ—Ä–∞—Ç–∏–≤–Ω—ã–π,90
–ø–µ—Ç—Ä–æ–≤–Ω–∞,20
–≤—ã–ø—É—Å–∫–Ω–æ–π,42
–≤—ã—Å–æ–∫–æ—á–∞—Å—Ç–æ—Ç–Ω—ã–π,20
–±—É–¥–Ω–∏–π,20
—Å–ø–µ—Ü–∏–∞–ª–∏–∑–∏—Ä–æ–≤–∞–Ω–Ω—ã–π,30
—Å–º–µ—Ä—Ç–µ–ª—å–Ω—ã–π,20
–±–µ—Ä–µ–∂–Ω—ã–π,34
–ø–æ–ª–∏—Ç–µ—Ö–Ω–∏—á–µ—Å–∫–∏–π,20
–¥–∏–∫–∏–π,32
200—Ä,20
—Ç—Ä–µ–Ω–¥–æ–≤—ã—Ö,20
–ø—Ä–µ–≤–æ—Å—Ö–æ–¥–Ω—ã–π,20
—ç–∫—Å–∫–ª—é–∑–∏–≤–Ω—ã–π,20
–ª—é–∫—Å–æ–≤—ã–π,20
54/56/58/60/62/64,20
‚ÄºÔ∏è—Ö–∏—Ç,20
150—Ä,20
–∏–Ω–∂–µ–Ω–µ—Ä–Ω—ã–π,30
–∑–≤—É–∫–æ–≤–æ–π,19
–Ω–µ–ø—Ä–æ—Å—Ç–æ–π,42
—É—á—ë–Ω—ã–π,29
—Ä–∞–∑–¥–µ–ª—å–Ω—ã–π,30
–∑–Ω–∞–º–µ–Ω–∏—Ç—ã–π,43
–ø–∞—Ç—Ä–∏–æ—Ç–∏—á–µ—Å–∫–∏–π,53
–Ω–∞—Å—Ç—É–ø–∞—Ç–µ–ª—å–Ω—ã–π,19
–µ–≤—Ä–æ–ø–µ–π—Å–∫–∏–π,43
–ø—Ä–∞–∫—Ç–∏—á–µ—Å–∫–∏–π,35
—Å–∞—Ä–∞—Ç–æ–≤—Å–∫–∏–π,19
–º–∞–π—Å–∫–∏–π,31
–∞–≤–Ω–∞,19
—Ö–æ—Ç–Ω–∞,19
–≤–µ–ª–∏–∫–æ–ª–µ–ø–Ω—ã–π,44
–∫—Ä–µ–∞—Ç–∏–≤–Ω—ã–π,29
—Ü–≤–µ—Ç–æ–≤–æ–π,44
—Å—Ä–æ—á–Ω—ã–π,33
–ø–µ—Ä–µ–¥–æ–≤–æ–π,35
–µ–¥–∏–Ω–æ–≤—Ä–µ–º–µ–Ω–Ω—ã–π,19
–æ—Å—Ç–∞–ª—å–Ω—ã–º,19
—Ä–æ–¥–æ–≤–æ–π,32
–æ–±—â–µ–æ–±—Ä–∞–∑–æ–≤–∞—Ç–µ–ª—å–Ω—ã–π,19
—ç—Ç–Ω–æ–∫—É–ª—å—Ç—É—Ä–Ω—ã–π,31
—Å–æ—Ü–∏–∞–ª—å–Ω—ã–π —ç–∫–æ–Ω–æ–º–∏—á–µ—Å–∫–∏–π,30
—Ä–∞–≤–Ω–æ–¥—É—à–Ω—ã–π,31
–∏–º–º—É–Ω–Ω—ã–π,37
–¥–æ–≤–æ–ª—å–Ω—ã–π,29
21:00,19
–±–æ–∫–æ–≤–æ–π,42
—Å—Ç—ë–≥–∞–Ω–Ω–∞—è,19
–∂–∏–≤–æ—Ç–≤–æ—Ä–Ω—ã–π,19
–æ—Ü–µ–Ω–∏–≤—à–∏—Ö—á–∞—Å,19
"2021,eminem",19
—Å—Ç–∞–ª—å–Ω–æ–π,19
–º–æ—à–µ–Ω–Ω–∏—á–µ—Å–∫–∏–π,18
5-–π,18
–∞–≤–∞—Ä–∏–π–Ω—ã–π,28
–∑–∞–∫–æ–Ω–æ–¥–∞—Ç–µ–ª—å–Ω—ã–π,31
–∫–æ–º–º–µ—Ä—á–µ—Å–∫–∏–π,59
–ø–∏—Å—å–º–µ–Ω–Ω—ã–π,28
–æ–ø—Ç–∏–º–∞–ª—å–Ω—ã–π,33
–∂–µ–ª—É–¥–æ—á–Ω—ã–π –∫–∏—à–µ—á–Ω—ã–π,18
2700,29
—É–¥–∏–≤–∏—Ç–µ–ª—å–Ω—ã–π,65
1953,18
1948,18
1979,18
”©”©–¥”ô–Ω,18
1975,18
1984,18
1910,18
—à–∞—Ö–º–∞—Ç–Ω—ã–π,33
—á–µ—Å—Ç–Ω—ã–π,18
—Ç–æ—á–Ω—ã–π,39
23:00,18
xvii,18
—Ä–∞–∑–≤–∏—Ç–æ–π,18
–≤–æ—Å—Ç—Ä–µ–±–æ–≤–∞–Ω–Ω–∞—è,18
–ª–µ—á–µ–±–Ω—ã–π,18
–±–æ–∂–µ—Å—Ç–≤–µ–Ω–Ω—ã–π,30
—É—é—Ç–Ω—ã–π,29
—Ç—é—Ä–∫—Å–∫–∏–π,18
–ø–æ–∏—Å–∫–æ–≤—ã–π,18
–Ω–µ—Ç—Ä–µ–∑–≤—ã–π,18
–ø–∞—Å—Ç–±–∏—â–Ω—ã–π,18
–∫–∞–Ω–∞—Ç–Ω—ã–π,18
"52,54,56,58,60",18
2640,18
40&quot;–∑&quot,18
–Ω–µ—Å–æ–≤–µ—Ä—à–µ–Ω–Ω–æ–ª–µ—Ç–Ω–∏–π,18
—É–¥–ª–∏–Ω—ë–Ω–Ω—ã–π,28
—Ç–µ–º–Ω–æ —Å–∏–Ω–∏–π,18
–æ—Ä–∏–≥–∏–Ω–∞–ª—å–Ω—ã–π,71
1520—Ä—É–±,18
60/62/64/66/68/70,18
—ç—Ñ—Ñ–µ–∫—Ç–Ω—ã–π,50
36‚Äì37‚Äì38‚Äì39‚Äì40‚Äì41,18
–∫–∞—à–µ–º–∏—Ä–æ–≤—ã–π,36
–º–æ–¥–µ–ª—å,18
52-,18
—Ä–∞—Å–ø–æ–ª–æ–∂–µ–Ω–Ω—ã—Ö,18
–º–µ–∂–±—Ä–æ–≤–Ω—ã–π,18
–¥–µ–Ω–∏—Å–æ–≤—Å–∫–∏–π,18
970(194)‚ÇΩ,18
5%—ç–ª–∞—Å—Ç,18
–¥–æ—Å–ª–æ–≤–Ω—ã–π,18
–¥–æ–º–±–∞—è,18
1390—Ä,18
–≤–ª–∞–¥–∏–º–∏—Ä–æ–≤–Ω–∞,17
–Ω–µ–ø—Ä–∞–≤–∏–ª—å–Ω—ã–π,17
–ø—Ä–µ–∂–Ω–∏–π,17
–¥–≤–æ—Ä–æ–≤—ã–π,17
–ø–æ–¥—Ä—è–¥–Ω—ã–π,17
–¥—Ä–∞–≥–æ—Ü–µ–Ω–Ω—ã–π,28
–≤–æ–ª—å–Ω—ã–π,17
–Ω–µ–º–µ—Ü–∫–∏–π,61
–±–æ–∂–∏–π,29
–ø–æ–ª–æ–≤–æ–π,29
–º—è—Å–Ω–æ–π,17
1977,17
–Ω–∞–º–¥,17
—Å”ô”ô–Ω”ô—Ä,17
1969,17
1947,17
–Ω–æ–º,17
—É—Å–Ω–∞,17
—Å–∞–º–æ—Å—Ç–æ—è—Ç–µ–ª—å–Ω—ã–π,17
–ø–æ–∫–æ–µ,17
–∫–æ–º–ø—å—é—Ç–µ—Ä–Ω—ã–π,17
–∫–æ–Ω—Ç—Ä–∞–∫—Ç–Ω—ã–π,31
–Ω–∞—Ü–∏—Å—Ç—Å–∫–∏–π,17
–∏–Ω—Ñ–µ–∫—Ü–∏–æ–Ω–Ω—ã–π,17
–Ω–µ–æ–±—è–∑–∞—Ç–µ–ª—å–Ω—ã–π,17
–∏–º—É—â–µ—Å—Ç–≤–µ–Ω–Ω—ã–π,17
–≤–∏–Ω–æ–≤–Ω—ã–π,17
1891,17
–¥–µ—Å—Ç—Ä—É–∫—Ç–∏–≤–Ω—ã–π,17
–ª–µ–Ω–∏–Ω–≥—Ä–∞–¥—Å–∫–∏–π,17
—á–∞–π–Ω—ã–π,27
xii,17
–≤–æ–µ–Ω–Ω—ã–π —Å–ø–æ—Ä—Ç–∏–≤–Ω—ã–π,17
–Ω–µ—É—Å—Ç–∞–Ω–æ–≤–ª–µ–Ω–Ω—ã–π,17
xxii,17
—Ç–µ–ª–µ—Ñ–æ–Ω–Ω—ã–π,40
–º–µ—Ç–∞–ª–ª–∏—á–µ—Å–∫–∏–π,29
—Å–∫–æ—Ä–µ–π!http://s.likee.video sid/1050260720?b=946977352&amp;c vk&amp;l,17
—ç–ª–∏—Å—Ç–∏–Ω—Å–∫–∏–º,17
–∫–∞–ª–µ–Ω–¥–∞—Ä–Ω—ã–π,17
–∑–∞—Ä—è–¥–Ω—ã–π,17
–ª–∏—à—ë–Ω–Ω—ã–π,40
–Ω–µ—Ä–∂–∞–≤–µ—é—â–∏–π,17
‚óæÔ∏è–∫—Ä—É—Ç—ã–µ,17
1760—Ä—É–±,17
–∏–∑–Ω–æ—Å–æ—Å—Ç–æ–π–∫–∏–π,17
–Ω–∞–∫–ª–∞–¥–Ω—ã–π,17
"42,44,46/48",17
46/48/50/52/54,17
–∫—É—Ä—Ç–∫–∞,17
200–≥—Ä,17
1100(220)‚ÇΩ,17
1300(260)‚ÇΩ,17
—Å—É—Ç–æ—á–Ω—ã–π,17
1800—Ä,17
–¥–æ—Å—Ç–∞–≤–ª–µ–Ω–Ω—ã–π,17
—Å–æ–≤–µ—Ä—à–µ–Ω–Ω—ã–π,27
–ø—Ä–∏—Å–≤–æ–µ–Ω–Ω—ã–µ,17
—Ç–µ—Ä–º–∞–ª—å–Ω—ã–π,17
1300‚ÇΩ.,17
–æ—á–∏—Å—Ç–Ω—ã–π,16
–ø—Ä–µ–ø–æ–¥–æ–±–Ω—ã–π,16
–±–µ–∑–≥—Ä–∞–Ω–∏—á–Ω—ã–π,27
—Å–∞–º–æ–æ—Ç–≤–µ—Ä–∂–µ–Ω–Ω—ã–π,16
–Ω–∞—É—á–Ω–æ –ø—Ä–∞–∫—Ç–∏—á–µ—Å–∫–∏–π,16
–∞—Ä–æ–º–∞—Ç–Ω—ã–π,16
–Ω–∞–ª–∏—á–Ω—ã–π,59
—Å—Ç—Ä–∞–Ω–Ω—ã–π,43
—á–µ—Ç–≤—ë—Ä—Ç—ã–π,39
—Ç–∏–±–µ—Ç—Å–∫–∏–π,29
–¥–æ–ª–≥–æ–∂–¥–∞–Ω–Ω—ã–π,39
1988,16
1980,16
–Ω–æ–≤–æ—Å–∏–±–∏—Ä—Å–∫–∏–π,16
–Ω–µ—Å—Ç–∞–Ω–¥–∞—Ä—Ç–Ω—ã–π,37
—É–≥–∞–≤,16
1985,16
–ø—É—Å—Ç–æ–π,29
–∂–µ—Å—Ç–æ–∫–∏–π,46
—É–±–µ–∂–¥—ë–Ω–Ω—ã–π,16
—Ö–∞—Ö–ª—ã–Ω–æ–≤–æ–π,16
–Ω–µ–æ—Ç—ä–µ–º–ª–µ–º—ã–π,16
–º–Ω–æ–≥–æ—Ñ—É–Ω–∫—Ü–∏–æ–Ω–∞–ª—å–Ω—ã–π,30
–ø—Ä–æ—Ç–∏–≤–æ–ø–æ–∂–∞—Ä–Ω—ã–π,16
–∫–∏–µ–≤—Å–∫–∏–π,16
–æ–¥–∏–Ω–æ–∫–∏–π,16
–º–Ω–æ–≥–æ–Ω–∞—Ü–∏–æ–Ω–∞–ª—å–Ω—ã–π,16
–≤–µ—Ä–æ—è—Ç–Ω—ã–π,16
–¥—ã—Ö–∞—Ç–µ–ª—å–Ω—ã–π,16
—Ç–∞–π–Ω—ã–π,30
–º–æ—Ä–∞–ª—å–Ω—ã–π,28
—É–≥—Ä–µ–≤–æ–π,16
1369,16
–±–∞—Ä—Ö–∞—Ç–Ω—ã–π,16
–æ—Ç–±–æ—Ä–æ—á–Ω—ã–π,16
–∑–µ—Ä–Ω–æ–≤–æ–π,28
–µ—Ä–≥–µ–Ω–∏–Ω—Å–∫–∏–π,16
–ø–æ–¥–¥–µ–ª—å–Ω—ã–π,16
–º–µ–∂–≤–µ–¥–æ–º—Å—Ç–≤–µ–Ω–Ω—ã–π,16
—á–∞—Å–æ–≤–æ–π,16
—Ç–µ–±–µ—Ä–¥–∏–Ω—Å–∫–æ–≥–æ,16
–∫–∞–≤–∫–∞–∑—Å–∫–∏–π,16
–∑–µ–ª–µ–Ω—Å–∫–∏–π,16
—É–º–Ω—ã–π,41
–∏—Å–ø—Ä–∞–≤–∏—Ç–µ–ª—å–Ω—ã–π,16
–∫–∞—Ä–∞—Ç–µ–ª—å–Ω—ã–π,16
—Ç—Ä–µ–ø–µ—Ç–Ω—ã–π,16
–∫–æ—Ä–∏—á–Ω–µ–≤—ã–π,16
1100—Ä—É–±,16
–¥—É–±–∞–π—Å–∫–∏–π,30
—Ç—Ä–µ–Ω–¥–æ–≤—ã–π,31
2023.–≥,16
30—è–Ω–≤–∞—Ä—è,16
–∑–∞–ø–æ–≤–µ–¥–Ω–∏–∫/,16
6233,16
–≤–º–µ—Å—Ç–∏—Ç–µ–ª—å–Ω—ã–π,27
1650—Ä—É–±,16
110-–π,15
–æ–±–º–µ–Ω–Ω—ã–π,15
–º–∞–Ω–¥–∂–∏–µ–≤–æ–π,15
–≥–ª–∞–¥–∫–∏–π,28
–º–∏—Ä—Å–∫–æ–π,15
–æ—Å—Ç–∞–ª—å–Ω—ã–º–∏,25
—Å–±–∞–ª–∞–Ω—Å–∏—Ä–æ–≤–∞–Ω–Ω—ã–π,15
–ø–∏—â–µ–≤–∞—Ä–∏—Ç–µ–ª—å–Ω—ã–π,15
–ø–∏—Ç–∞—Ç–µ–ª—å–Ω—ã–π,28
—Ä–∞—Å–ø—Ä–æ—Å—Ç—Ä–∞–Ω–µ–Ω–Ω—ã—Ö,15
—É–≤–µ—Ä–µ–Ω–∞,26
—Å—Ç—Ä–∞—Ö–æ–≤–æ–π,15
–ø—Ä–∏–∑–≤–∞–Ω—ã,15
–∫—Ä–æ–≤–æ–ø—Ä–æ–ª–∏—Ç–Ω—ã–π,15
–ø–ª–æ–¥–æ—Ç–≤–æ—Ä–Ω—ã–π,29
—Ö”ô–ª”ô–≤,15
—Å–µ–¥–∫–ª—Ç”ô,15
”©—Ç–∫–Ω,15
1925,15
1914,15
1959,15
–±–ª–∞–≥–æ—Ä–æ–¥–Ω—ã–π,63
–ø—Ä–∞–∫—Ç–∏—á–Ω—ã–π,35
—Ä–∞–Ω–Ω–µ–π,15
–¥–∞–≤–Ω–∏–π,15
—á–∞—Å—Ç–∏—á–Ω—ã–π,15
–Ω–µ–æ–∂–∏–¥–∞–Ω–Ω—ã–π,55
—Å–Ω–æ–≥—Å—à–∏–±–∞—Ç–µ–ª—å–Ω—ã–π,41
–≤–∏–Ω–æ–≤–∞—Ç—ã–π,25
–Ω–µ–∑–Ω–∞–∫–æ–º—ã–π,15
–Ω–µ–æ—Ç—Ä–∞–∑–∏–º—ã–π,15
–≥—Ä—É—Å—Ç–Ω—ã–π,15
–≥–∞—Ä–º–æ–Ω–∏—á–Ω—ã–π,15
–∑–∞—Å–ª—É–∂–µ–Ω–Ω—ã–µ,15
–ø—Ä–æ–±–Ω—ã–π,15
–¥–∞–ª—å–Ω–∏–π,50
–æ–¥–∏–Ω–∞–∫–æ–≤—ã–π,39
–∑–∞—Å–ª—É–∂–µ–Ω–Ω—ã–º,15
–∑–µ–ª–µ–Ω—Å–∫–æ–≥–æ,15
–≤—Ö–æ–¥–Ω–æ–π,15
–ø–µ—Ç–µ—Ä–±—É—Ä–≥—Å–∫–æ–≥–æ,15
—Å–æ—Ç–æ–≤—ã–π,15
–≤–æ—Å—å–º–æ–π,27
–ø–µ—Ä–≤–∏—á–Ω—ã–π,38
xviii,15
–æ–ø–µ—Ä–∞—Ç–∏–≤–Ω—ã–π –ø—Ä–æ—Ñ–∏–ª–∞–∫—Ç–∏—á–µ—Å–∫–∏–π,42
–Ω–µ–∑–∞–º–µ–Ω–∏–º—ã–π,40
–∫—Ä–µ–¥–∏—Ç–Ω—ã–π,15
–∞—Ä–µ–Ω–¥–Ω—ã–π,15
—Ü–µ–ª–µ–≤–æ–π,15
–≤—ã—Å–æ–∫–æ–∫–≤–∞–ª–∏—Ñ–∏—Ü–∏—Ä–æ–≤–∞–Ω–Ω—ã–π,15
–≤—ã–µ–∑–¥–Ω–æ–π,29
–±–µ–∑–¥–æ–º–Ω—ã–π,15
–º–∞–≥–Ω–∏—Ç–Ω—ã–π,39
48/50/52/54,15
48/50/52/54/56/58,15
—Å–∏—Ä–µ–Ω–µ–≤—ã–π,25
—Ö—Ä—è—â–µ–≤–æ–π,15
–∫–æ–Ω–∫—É—Ä—Å–Ω—ã–π,25
–º–∏–º–∏—á–µ—Å–∫–∏–π,15
–∫–∏—Ä–ø–∏—á–Ω—ã–π,15
—Ä–æ–≤–Ω—ã–π,28
–∂—É—Ä–Ω–∞–ª—å–Ω—ã–π,15
–¥–æ–ª–±–∞–Ω—Å–∫–∏–π,15
2300,15
–ª—å–≤–∏–Ω—ã–π,27
—Ç—Ä–µ—Ö—Ü–≤–µ—Ç–Ω–∞—è,15
–∞—Ä–∫–∞–¥–Ω—ã–µ,15
–æ–±–∑–æ—Ä–Ω—ã–π –æ–∑–Ω–∞–∫–æ–º–∏—Ç–µ–ª—å–Ω—ã–π,15
—Ñ–æ—Ä–µ–ª–µ–≤—ã–π,15
16.00-–∫—É–ø–∞–Ω–∏–µ,15
1450‚ÇΩ.,15
–∞–¥—Ä–µ—Å–Ω—ã–π,14
90-–π,25
—É–ø—Ä–∞–≤–ª–µ–Ω—á–µ—Å–∫–∏–π,14
–≤—ã—à–µ—É–ø–æ–º—è–Ω—É—Ç—ã–π,14
—è–∑—ã–∫–æ–≤–æ–π,14
–≥—Ä–∞—Ñ–∏—á–µ—Å–∫–∏–π,14
–ø—Ä–æ—á–Ω—ã–π,14
–º—ã—à–µ—á–Ω—ã–π,27
—Å–ª–∏–≤–æ—á–Ω—ã–π,14
–ø–æ—Ç–µ–Ω—Ü–∏–∞–ª—å–Ω—ã–π,14
–ø—Ä–æ—á–∏–º,14
3-–π,14
–≥–ª–æ–±–∞–ª—å–Ω—ã–π,61
–º–µ–¥“ó,14
–∞–∞—à–Ω–∞,14
–Ω–∞–∞–¥–∫,14
–±–æ–ª—å—à–æ–º,14
1916,14
1905,14
1968,14
1967,14
1921,14
1946,14
1973,14
–¥–∞–ª—ë–∫–∏–π,34
–æ–Ω–∫–æ–ª–æ–≥–∏—á–µ—Å–∫–∏–π,14
—Å–µ–≤–µ—Ä–æ –∫–∞–≤–∫–∞–∑—Å–∫–∏–π,14
—Ä–µ–º–æ–Ω—Ç–Ω—ã–π,14
–±–µ—Å—Ü–µ–Ω–Ω—ã–π,14
–±–ª–æ–∫–∞–¥–Ω—ã–π,14
–≤–µ—Ä–Ω—ã–π,39
–ø–æ—Å—Ç–æ—Ä–æ–Ω–Ω–∏–π,24
–∑–∞–¥–Ω–∏–π,38
–±–ª–∏–∂–Ω–∏–π,14
–ø—Ä–æ–¥—É–∫—Ç–∏–≤–Ω—ã–π,14
–Ω–µ–æ–±–¥—É–º–∞–Ω–Ω—ã–π,14
–Ω–µ–ø—Ä–µ–¥–≤–∏–¥–µ–Ω–Ω—ã–π,14
—ç—Ñ–∏—Ä–Ω—ã–π,52
—Ç–∞–∫—Ç–∏—á–µ—Å–∫–∏–π,14
—à–µ—Ä—Å—Ç—è–Ω–æ–π,14
00:00,14
—Å–æ–≥–ª–∞—Å–Ω—ã–π,14
–±–æ–ª–µ–∑–Ω–µ–Ω–Ω—ã–π,24
—Ñ—É—Ç–±–æ–ª—å–Ω—ã–π,25
–ø—Ä–æ–∂–∏—Ç–æ—á–Ω—ã–π,14
—á–µ—Å—Ç–Ω–æ–π,14
–¥–µ—Ç—Å–∫–æ–π,14
18-–ª–µ—Ç–Ω–∏–π,14
–ø—Ä–µ—Å—Ç–∞—Ä–µ–ª—ã–π,14
2011 2012,14
—Ç–µ—Ö–Ω–æ–ª–æ–≥–∏—á–µ—Å–∫–∏–π,14
—Ä–∞–∑–Ω–æ—Ü–≤–µ—Ç–Ω—ã–π,14
—ç—Ç–Ω–æ–≥—Ä–∞—Ñ–∏—á–µ—Å–∫–∏–π,27
–ø—Ä–∏–∑–≤–∞–Ω–∞,14
—Ö–æ–¥–æ–≤–æ–π,14
–º–∏–≥—Ä–∞—Ü–∏–æ–Ω–Ω—ã–π,14
–±–æ–ª–µ–≤–æ–π,14
—É–∫—Ä–∞–∏–Ω—Å–∫–∏–π,27
–ª–æ–º–µ—Ö—É–∑–Ω—ã—Ö,14
–Ω–µ–±–µ—Å–Ω—ã–π,14
–∞–Ω–∞–ª–æ–≥–∏—á–Ω—ã–π,25
1190,14
—Ö–æ–∑—è–π—Å—Ç–≤–µ–Ω–Ω—ã–π,14
–∫–æ–∫—Ç–µ–π–ª—å–Ω—ã–π,28
–¥–ª–∏–Ω–∞,14
24–º–∞—è,14
–±–ª—É–∑–∫–∞,14
—Å—ä—ë–º–Ω—ã–π,14
"42,44,46,–≤",14
25%—ç–ª–∞—Å—Ç–∏–Ω,14
–∏—Ç–æ–≥–æ,14
–∫–æ—Å—Ç–Ω—ã–π,24
—Å—É—Å—Ç–∞–≤–Ω—ã–π,14
35-–ª–µ—Ç–Ω–∏–π,14
—á—É–Ω—É—Å–æ–≤—Å–∫–∞—è,14
–∫–æ–ø—á—ë–Ω—ã–π,14
—Ä–∞–≤–Ω–æ–∑–Ω–∞—á–Ω—ã–π,14
—Å–ª–µ–¥—Å—Ç–≤–µ–Ω–Ω—ã–π –æ–ø–µ—Ä–∞—Ç–∏–≤–Ω—ã–π,25
—Ç—Ä—ë—Ö–∫–æ–º–Ω–∞—Ç–Ω–∞—è,14
–¥–µ—Ä–±–µ—Ç–æ–≤—Å–∫–∏–π,14
–º–∞—Ç–µ—Ä–Ω—ã–π,14
3:22,14
3:54,14
–∞–ø–ø–∞—Ä–∞—Ç–Ω—ã–π,14
18–±,14
—Å–µ–Ω—Ç–∏–Ω—Å–∫–∏–π,14
–∏–¥–µ–∞–ª—å–Ω—ã–π –Ω–µ–∂–Ω—ã–π,14
46.48.50.52.54.56,14
—á–∞—Å—Ç—ã–π,13
–ø—Ä–µ–∏–º—É—â–µ—Å—Ç–≤–µ–Ω–Ω—ã–π,13
–∫–æ—á–µ–≤–æ–π,13
–∂–∞–¥–Ω—ã–π,13
–ø–æ—Å–ª–µ–≤–æ–µ–Ω–Ω—ã–π,13
–±–µ—Å—Å–º–µ—Ä—Ç–Ω—ã–π,13
–ø–æ–ª–Ω–æ—Ü–µ–Ω–Ω—ã–π,26
–æ—Å—Ç–∞–ª—å–Ω–æ–≥–æ,13
—É—Ç—Ä–µ–Ω–Ω–∏–π,13
–ø–æ–±–æ—á–Ω—ã–π,13
–¥–µ—Ä–µ–≤—è–Ω–Ω—ã–π,13
–Ω–µ–ª—ë–≥–∫–∏–π,25
1998,13
1956,13
–ª–µ–≥–µ–Ω–¥–∞—Ä–Ω—ã–π,57
–∫–∞–∑–∞—á–∏–π,36
–¥—É—Ö–æ–≤–Ω—ã–π –Ω—Ä–∞–≤—Å—Ç–≤–µ–Ω–Ω—ã–π,13
—ç–ª–µ–º–µ–Ω—Ç–∞—Ä–Ω—ã–π,13
–∫–µ–ª”ô,13
–∞–¥“ª“ó,13
–∫–µ–ª–¥–≥,13
1936,13
1923,13
1955,13
–Ω–µ—Ä–æ–≤–Ω—ã–π,13
—Å–∫—É—á–Ω—ã–π,13
—ç—ç“ó”ô,13
–ø–æ—ç—Ç–∏—á–µ—Å–∫–∏–π,26
–¥–µ–≤—è—Ç—ã–π,13
—Å–µ–¥—å–º–æ–π,25
xiii,13
—Å–º–µ—à–Ω–æ–π,35
–ø—Ä–∏—é—Ç–Ω—ã–π,13
–ø—Ä–∏—Ä–æ–¥–æ–æ—Ö—Ä–∞–Ω–Ω—ã–π,13
–ø—Ä–æ–∏–∑–≤–æ–¥—Å—Ç–≤–µ–Ω–Ω—ã–π,13
—Ç–µ–ª–µ—Å–Ω—ã–π,13
–ª—É–Ω–æ–π,13
–∫—É–ª–∏–Ω–∞—Ä–Ω—ã–π,13
—Ä–∞–∑–≤–ª–µ–∫–∞—Ç–µ–ª—å–Ω—ã–π,13
—Ä–µ–∑–∫–∏–π,23
–∫–≤–∞–Ω—Ç–æ–≤—ã–π,13
—Å–ø–∞–ª—å–Ω–µ,13
–∂–µ–ª–µ–∑–Ω–æ–¥–æ—Ä–æ–∂–Ω—ã–π,13
–≥–∞—Å—Ç—Ä–æ–Ω–æ–º–∏—á–µ—Å–∫–∏–π,13
—Ç—Ä–∞–Ω—Å—Å–∏–±–∏—Ä—Å–∫–∞—è,13
–∫–∏—Å–µ—Ç–Ω—ã–π,13
—Å–∫—Ä–æ–º–Ω—ã–π,13
–º–∞–≥–∏—á–µ—Å–∫–∏–π,13
–æ–ø–æ—Ä–Ω—ã–π –¥–≤–∏–≥–∞—Ç–µ–ª—å–Ω—ã–π,13
xxi,13
–≤—Å–µ–ª–µ–Ω–Ω—É—é,13
—Å–ª–∞–≤—è–Ω—Å–∫–∏–π,13
—Å–µ–∑–æ–Ω–Ω—ã–π,13
–º–∞—Å—Ç–µ—Ä—Å–∫–∏–π,23
—Å–µ–Ω—Ç—è–±—Ä—å—Å–∫–∏–π,13
—Å–µ—Ä–µ–±—Ä—è–Ω—ã–π,24
—é–Ω–æ—à–µ—Å–∫–∏–π,13
–Ω—ã–Ω–µ—à–Ω–∏–π,46
—Å—Ç–∞—Ü–∏–æ–Ω–∞—Ä–Ω—ã–π,13
1897,13
–≤–æ—Å–∫—Ä–µ—Å–Ω—ã–π,23
–æ–≥–Ω–µ—Å—Ç—Ä–µ–ª—å–Ω—ã–π,13
–∫–æ—Ä–æ–Ω–∞–≤–∏—Ä—É—Å–Ω–æ–π,13
–ø—Ä–∏—é—Ç–∏–Ω—Å–∫–∏–π,13
—Ä–∞—Å–ø–æ–ª–æ–∂–µ–Ω–Ω–æ–π,13
"52,54,56,58",13
"25,26,27,28,29",13
2250—Ä—É–±,13
–ª–æ–∫–∞–ª—å–Ω—ã–π,13
—Ç–æ–ª—Å—Ç–æ–π,13
–±—É–º–∞–∂–Ω—ã–π,13
–ø–µ—Ä–µ–¥–≤–∏–∂–Ω–æ–π,25
–¥–µ–ø—É—Ç–∞—Ç—Å–∫–∏–π,13
–≤–æ–ª–æ–Ω—Ç—ë—Ä—Å–∫–∏–π,25
11:00—á,13
—á—É–¥–Ω–æ–π,13
44-,13
1200—Ä,13
‚óæÔ∏è—Å–Ω–æ–≥—Å—à–∏–±–∞—Ç–µ–ª—å–Ω–æ–µ,13
–æ–¥–Ω–æ—Ç–æ–Ω–Ω–æ–µ,13
–º–µ–º–±—Ä–∞–Ω–Ω—ã–π,25
–∫—Ä—É–≥–ª–æ—Å—É—Ç–æ—á–Ω—ã–π,13
–º—ë—Ä—Ç–≤—ã–π,23
–Ω–æ–≤—ã–π –∞–ª–µ–∫—Å–µ–µ–≤—Å–∫–∏–π,13
–≤–ª–∞—Å–æ–≤—Å–∫–∞—è,13
780(156)‚ÇΩ,13
15/16.03,13
1000—Ä,13
–∫–æ–ª–µ–Ω–µ–π,13
—Å–æ–±—Å—Ç–≤–µ–Ω–Ω–æ—Ä—É—á–Ω—ã–π,13
–≥–∞—à—É–Ω—Å–∫–æ–≥–æ,13
—Å–∞–ª—å–Ω—ã–π,13
—Ç—Ä–∞–≤—è–Ω–æ–π,26
–±–∂–µ–∑–∏–Ω—Å–∫–æ–≥–æ,13
—Ä–µ–≤–º–∞—Ç–∏—á–µ—Å–∫–∏–π,13
x|s,13
4:19,13
5:12,13
–Ω–æ–≥—Ç–µ–≤–æ–π,13
–≥—Ä–∏–±–∫–æ–≤—ã–π,13
1600‚ÇΩ.,13
—Å–æ–ª–Ω—Ü–µ–∑–∞—â–∏—Ç–Ω—ã–π,13
—Ñ–∏—Ä–º–µ–Ω–Ω—ã–π,35
–ø–æ–¥–æ–∑—Ä–∏—Ç–µ–ª—å–Ω—ã–π,12
–∫—Ä–æ–ø–æ—Ç–ª–∏–≤—ã–π,12
–±–µ—Å–∫–æ–Ω–µ—á–Ω—ã–π,33
—Ç—É–ø–æ–π,33
—É–∫—Ä–∞–∏–Ω—Å–∫–∞—è,12
–ø—Ä–æ–º—ã—à–ª–µ–Ω–Ω—ã–π,24
—É—á–∞—Å—Ç–≤—É—é,12
–æ–±–ª–∞—Å—Ç–Ω–æ–π,23
–≥—Ä–∞–Ω–¥–∏–æ–∑–Ω—ã–π,12
2026,12
–ø–æ–∑–Ω–∞–≤–∞—Ç–µ–ª—å–Ω—ã–π,23
–Ω–µ–¥–æ–±—Ä–æ—Å–æ–≤–µ—Å—Ç–Ω—ã–π,12
—ç–Ω“Ø–Ω”ô,12
—Ç”ô–≤”ô–¥,12
–≥—É—Å—Ç–æ–π,12
1954,12
1981,12
1930,12
1911,12
1974,12
1982,12
–≤–Ω—É—Ç—Ä–µ–Ω–Ω–µ–π,12
—Ç–≤—ë—Ä–¥—ã–π,12
–±–µ–¥–Ω—ã–π,12
–∫—Ä–∞—Ç–∫–∏–π,12
–¥–æ—à–∫–æ–ª—å–Ω—ã–π,12
–∞—Ä–≤–Ω–∞,12
–æ—Å–µ–Ω–Ω–∏–π,12
—Å—á–∏—Ç–∞–Ω–Ω—ã–µ,12
—Å–µ–∫—Å—É–∞–ª—å–Ω—ã–π,22
–≥—Ä—É–±—ã–π,12
—à–≤–µ–π—Ü–∞—Ä—Å–∫–∏–π,12
—ç–Ω–µ—Ä–≥–∏—á–Ω—ã–π,12
—Ä–æ–º–∞–Ω—Ç–∏—á–µ—Å–∫–∏–π,34
–≤–æ—Å–ø–∞–ª–∏—Ç–µ–ª—å–Ω—ã–π,12
–Ω–µ–∑–∞–º–µ—Ç–Ω—ã–π,12
–Ω—Ä–∞–≤—Å—Ç–≤–µ–Ω–Ω—ã–π,12
–ª–æ–∂–Ω—ã–π,12
—Ç–∞–∫–æ–≤–æ–≥–æ,12
–ø–ª–æ—Å–∫–∏–π,22
–≥–∏–ø–æ–∞–ª–ª–µ—Ä–≥–µ–Ω–Ω—ã–µ,12
–Ω–∞–º–µ—Ä–µ–Ω,12
–º–µ—Ä–∑–∫–∏–π,12
—Å–æ–ª—å–Ω—ã–π,12
–º–∞—Ç–æ–≤—ã–π,12
—É—Å—Ç–æ–π—á–∏–≤—ã–π,22
—Ç–∞–º–±–æ–≤—Å–∫–∏–π,12
—Ä–æ–∫—á–∏–Ω—Å–∫–æ–≥–æ,12
–≤–æ–µ–Ω–Ω—ã–π –ø–∞—Ç—Ä–∏–æ—Ç–∏—á–µ—Å–∫–∏–π,12
–Ω–µ–∫–æ–º–º–µ—Ä—á–µ—Å–∫–∏–π,12
–º–æ–±–∏–ª–∏–∑–æ–≤–∞–Ω–Ω–æ–≥–æ,12
–µ–∂–µ–º–µ—Å—è—á–Ω—ã–π,22
—É–±—É—à–∏–µ–≤–æ–π,12
–∞–≥—Ä–æ–ø—Ä–æ–º—ã—à–ª–µ–Ω–Ω—ã–π,12
–∫–æ–º–∞–Ω–¥–Ω—ã–π,23
–ø–µ—Å—á–∞–Ω—ã–π,12
–ø–æ—á—Ç–æ–≤—ã–π,12
—Å–∞—Ö–∞—Ä–Ω—ã–π,12
–∫–æ–Ω—Ç–∞–∫—Ç–Ω—ã–π,12
–¥–æ–±—Ä–æ–≤–æ–ª—å–Ω—ã–π,12
—ç–ª–∞—Å—Ç–∏—á–Ω—ã–π,12
–∫–æ–Ω—Ç—Ä–æ–ª—å–Ω—ã–π,12
–±–ª–∞–≥–æ–¥–∞—Ä—Å—Ç–≤–µ–Ω–Ω—ã–π,12
—ç–ª–µ–∫—Ç—Ä–∏—á–µ—Å–∫–∏–π,12
–∫–æ–Ω—Ç—Ä–∞—Å—Ç–Ω—ã–π,12
–∞—Ç–ª–∞—Å–Ω—ã–π,12
—Å–æ—Å—Ç–∞–≤,12
42.44.46.48.50.52,12
–∫–æ–∂–∞-,12
–∏–¥—ë—Ç,12
–∞–Ω—Ç–∏–æ–∫—Å–∏–¥–∞–Ω—Ç–Ω—ã–º–∏,12
–Ω–µ–¥–æ—Ä–æ–≥–æ–π,12
–±–∏–±–ª–∏–æ–≥—Ä–∞—Ñ–∏—á–µ—Å–∫–∏–π,12
–ø–æ—Å–ª–µ—Ä–æ–¥–æ–≤–æ–π,12
–∫—Ä–∞—Å–Ω–æ–ø–∞—Ä—Ç–∏–∑–∞–Ω—Å–∫–∏–π,12
–º–∞—Ç–µ—Ä–∏–∞–ª—å–Ω—ã–π —Ç–µ—Ö–Ω–∏—á–µ—Å–∫–∏–π,12
9:00 16:00,12
–ø—Ä–∏—Å–ø–∏–Ω–Ω—ã–µ,12
–∏–Ω–Ω–æ–≤–∞—Ü–∏–æ–Ω–Ω—ã–π,22
–ø—Ä–∏–Ω–∏–º–∞–µ–º—ã–º–∏,12
–Ω–æ—Ä–º–∞—Ç–∏–≤–Ω—ã–π,22
–∫–æ—Ä—Ä—É–ø—Ü–∏–æ–Ω–Ω—ã–π,23
89093994538,12
–º–∏—Å—Å–∏–∏).—Ç—è–∂–µ–ª–∞—è,12
14-–π–æ—Ç–¥–µ–ª—å–Ω—ã–π,12
–≤—ã—Å–æ–∫–æ–ø—Ä–µ–æ—Å–≤—è—â–µ–Ω–Ω—ã–π,12
–≥–æ–Ω–∞—á—Ö–∏—Ä—Å–∫–æ–µ,12
–≥–æ—Ä–Ω—ã–π,22
–±–µ–ª–æ–≥–æ–ª–æ–≤—ã–π,12
1490,12
–∞—é—Ä–≤–µ–¥–∏—á–µ—Å–∫–∞—è,12
–¥–µ–≥–µ–Ω–µ—Ä–∞—Ç–∏–≤–Ω—ã–π –¥–∏—Å—Ç—Ä–æ—Ñ–∏—á–µ—Å–∫–∏–π,12
–≤—ã–≤–∏—Ö–∞—Ö,12
–Ω–æ—Å–æ–≤–æ–π,12
Ô∏è–¥–µ—Ç—Å–∫–∞—è,12
pink,12
1950‚ÇΩ.,12
–¥–æ–±–ª–µ—Å—Ç–Ω—ã–π,11
–≤–æ–¥–æ–ø—Ä–æ–≤–æ–¥–Ω—ã–π,11
–≤—ã—Å–æ–∫–æ—Ç–µ—Ö–Ω–æ–ª–æ–≥–∏—á–Ω—ã–π,11
–∫–æ–ª–æ—Å—Å–∞–ª—å–Ω—ã–π,11
—Ö—Ä–∏—Å—Ç–æ–≤,11
–º–∏–Ω–∏–º–∞–ª—å–Ω—ã–π,32
–¥—É—Ä–Ω–æ–π,22
—Å–ª—ã—à–Ω—ã–π,11
–≥–æ–ª–æ–¥–Ω—ã–π,22
–∞—Ä—Ö–∏–≤–Ω—ã–π,11
–æ–ø–µ—Ä–∞—Ü–∏–æ–Ω–Ω—ã–π,11
–Ω–µ–æ–±—ä—è—Ç–Ω—ã–π,11
–¥–æ–∫—É–º–µ–Ω—Ç–∞–ª—å–Ω—ã–π,11
—É–±–µ–∂–¥–µ–Ω—ã,11
—Ö–æ–π—Ä—Ç,11
–∫“Ø—á—Ç”ô,11
1908,11
1907,11
1966,11
1937,11
1964,11
—Ä–∞—Å–ø–æ–ª–æ–∂–µ–Ω–Ω—ã–µ,11
–¥–æ—Ç—Ä–∫,11
–∫—Ä–∞—Å–æ—á–Ω—ã–π,11
–ø–∞—Ä—Ç–∏–∑–∞–Ω—Å–∫–∏–π,11
–∫–æ–Ω–µ—á–Ω—ã–π,11
—É—á—ë—Ç–Ω—ã–π,21
–∫–æ–Ω—Å—Ç–∏—Ç—É—Ü–∏–æ–Ω–Ω—ã–π,11
–∫—Ä—ã–º—Å–∫–∏–π,22
–∫—Ä–æ–≤–∞–≤—ã–π,11
34-–π,11
—Å—É—Ä–æ–≤—ã–π,11
—É–≥–∞—Ä–Ω—ã–π,11
—Å–ª—É—á–∞–π–Ω—ã–π,11
–ª—é–±–æ–≤–Ω—ã–π,21
–∞–≥—Ä–µ—Å—Å–∏–≤–Ω—ã–π,11
–±—É—Ä–Ω—ã–π,11
–±–ª–∞–≥–æ—Ç–≤–æ—Ä–Ω—ã–π,11
—É–º–µ—Å—Ç–Ω—ã–π,11
–ª–∏—á–Ω–æ—Å—Ç–Ω—ã–π,11
—Ñ–æ–ª—å–∫–ª–æ—Ä–Ω—ã–π —ç—Ç–Ω–æ–≥—Ä–∞—Ñ–∏—á–µ—Å–∫–∏–π,11
–ø—Ä–∞–≤–∏—Ç–µ–ª—å—Å—Ç–≤–µ–Ω–Ω—ã–π,11
—Å–æ–≤–º–µ—â—ë–Ω–Ω—ã–π,11
–Ω–∞—Ç—è–∂–Ω–æ–π,11
4-–π,11
—Å–∫–∞–∑–æ—á–Ω—ã–π,11
—Ä—É–∫–æ–ø–∞—à–Ω—ã–π,11
–∫–∞–∫–æ–≤–∞,11
–∫–æ—Ä—Ä–µ–∫—Ü–∏–æ–Ω–Ω—ã–π,11
–∑—Ä–∏—Ç–µ–ª—å—Å–∫–∏–π,11
–¥–æ–Ω—Å–∫–∏–π,22
–∂–∏–ª–∏—â–Ω–æ –∫–æ–º–º—É–Ω–∞–ª—å–Ω—ã–π,11
–∞–¥—ã–∫–æ–≤—Å–∫–æ–≥–æ,11
–∑–Ω–∞–º–µ–Ω–∞—Ç–µ–ª—å–Ω—ã–π,21
–æ–±—Å–æ–ª—é—Ç–Ω–æ,11
—Å—Ç–µ—Ä–≤–æ–π,11
–≤—ã—Å–æ—Ü–∫–∏–π,11
—Å—É—Ö—É—é,11
–∫–æ—Ä–µ–Ω–Ω–æ–π,11
—Å—ã—Ä–æ–π,11
—Ç–µ–ª–µ—Ñ–æ–Ω–Ω–æ–º,11
–∏–Ω–≤–µ—Å—Ç–∏—Ü–∏–æ–Ω–Ω—ã–π,11
–¥–µ—Å—è—Ç—ã–π,11
—Å–∞–Ω–∏—Ç–∞—Ä–Ω—ã–π,22
—Å–æ—Ü–∏–∞–ª—å–Ω—ã–π –ø—Ä–æ—Å–≤–µ—Ç–∏—Ç–µ–ª—å—Å–∫–∏–π,11
—Ä–∞–¥–æ–Ω–µ–∂—Å–∫–æ–≥–æ,11
–ø—Ä–µ–¥–ø—Ä–∏–Ω–∏–º–∞—Ç–µ–ª—å—Å–∫–∏–π,11
—ç—Ç–Ω–∏—á–µ—Å–∫–∏–π,11
–º–µ–º–æ—Ä–∏–∞–ª—å–Ω—ã–π,11
–ø—Ä–∏–≤–ª–µ–∫–∞—Ç–µ–ª—å–Ω—ã–π,21
–∞—Ç–æ–º–Ω—ã–π,11
—É–∫—Ä–∞–∏–Ω—Å–∫–æ–≥–æ,11
–ø–æ–¥–∞–≤–ª—è—é—â–µ–µ,11
–≤–∏–∫—Ç–æ—Ä–æ–≤–Ω–∞,21
—Ä–∞–π–∫–æ–º–∞,11
–æ–±—Ä–∞–∑—Ü–æ–≤—ã–π,11
1941‚Äì1945,11
—Å—Ç–æ–π–∫–∏–π,11
–ø—Ä–æ—Ç–∏–≤–æ–≤–æ–∑–¥—É—à–Ω—ã–π,11
—É–≥–æ–ª–æ–≤–Ω—ã–π –∏—Å–ø–æ–ª–Ω–∏—Ç–µ–ª—å–Ω—ã–π,11
—Ä–∞—Å–ø—Ä–æ—Å—Ç—Ä–∞–Ω–µ–Ω–Ω—ã–π,11
–≥—Ä–µ—á–µ—Å–∫–∏–π,11
—Å–ª–∞–≤–Ω—ã–π,11
–¥–æ–±—Ä–æ–≤–æ–ª—å—á–µ—Å–∫–∏–π,11
–ø—Ä–æ—Å–≤–µ—Ç–∏—Ç–µ–ª—å—Å–∫–∏–π,11
–±–µ—Å—Å—Ä–æ—á–Ω–æ–π,11
–¥–æ–±—Ä–æ—Å–æ–≤–µ—Å—Ç–Ω—ã–π,11
—Ä–∂–µ–≤—Å–∫–∏–π,11
–≤–æ–µ–Ω–Ω–æ –ø–∞—Ç—Ä–∏–æ—Ç–∏—á–µ—Å–∫–∏–π,11
–º–æ–∫—Ä—ã–π,11
5:00,11
46-,11
—Ö–∏—Ç–æ–≤—ã–π,11
48-,11
2400—Ä—É–±,11
–Ω–µ–≤–µ—Å–æ–º—ã–π,21
3200,11
–±–æ—Ä–¥–æ–≤—ã–π,11
–≤—ã—Å–æ–∫–æ–∫–∞—á–µ—Å—Ç–≤–µ–Ω–Ω—ã–π,11
1500—Ä—É–±,11
50/52/54/56/58/60/62,11
21–º–∞—Ä—Ç–∞,11
—Å–∫–≤–∞–ª–µ–Ω,11
–∫—Ä–æ–≤—è–Ω–æ–π,11
–±–µ–∑—É–º–Ω—ã–π,22
–ø–∞—Ä—Ç–Ω—ë—Ä,11
—Ñ–∞–ª—å—à–∏–≤—ã–π,11
–Ω–µ—Ä–µ–≥—É–ª–∏—Ä—É–µ–º—ã–π,11
–º—É–∂–µ—Å—Ç–≤–µ–Ω–Ω—ã–π,11
–º–≥–Ω–æ–≤–µ–Ω–Ω—ã–π,11
–æ–∫–æ–ª–æ—É—à–Ω—ã–π,11
—É–≥–ª–æ–≤–æ–π,21
–Ω–∞—Ä–∫–æ–ª–æ–≥–∏—á–µ—Å–∫–∏–π,11
40-–ª–µ—Ç–Ω–∏–π,11
–∞–Ω–∞—Ç–æ–º–∏—á–µ—Å–∫–∏–π,22
8937 469,11
–º–æ–¥—É–ª—å–Ω—ã–π,11
—Ñ—É–Ω–∫—Ü–∏–æ–Ω–∞–ª—å–Ω—ã–π,11
–∫–æ–º–ø–∞–∫—Ç–Ω—ã–π,11
–±–∏–±–ª–∏–æ—Ç–µ—á–Ω—ã–π –∏–Ω—Ñ–æ—Ä–º–∞—Ü–∏–æ–Ω–Ω—ã–π,11
–ø—Ä–æ–≤–µ—Ä–æ—á–Ω—ã–π,11
–≤–∑—Ä—ã–≤—á–∞—Ç—ã–π,11
32-–ª–µ—Ç–Ω–∏–π,11
89613950204,11
–Ω–µ–¥–µ–µ—Å–ø–æ—Å–æ–±–Ω—ã–π,11
3:21,11
1‚É£0‚É£0‚É£,11
—à–∏–∫–∞—Ä–Ω–æ–µ,11
–ø–∞—Ä–µ–Ω—Ö–∏–º–∞,11
23–∞,11
–æ—Ä–≥–∞–Ω–∏—á–µ—Å–∫–∏–π,11
–ø—Ä–µ–¥–≤—ã–±–æ—Ä–Ω—ã–π,10
—Ä–æ–¥–∏—Ç–µ–ª—å—Å–∫–∏–π,10
–ª–µ—Ç—É—á–∏–π,10
—Å–∞–º–æ–∑–∞–Ω—è—Ç—ã—Ö,10
–±—Ä–æ–Ω–∑–æ–≤—ã–π,10
–∏—Ç–∞–ª—å—è–Ω—Å–∫–∏–π,10
–ø—Ä–æ—Ñ–∏–ª—å–Ω—ã–π,10
–∫–∞–∫–æ–≤—ã,10
–∏–Ω—Ç–µ–Ω—Å–∏–≤–Ω—ã–π,20
—Ä—É—Å—Å–∫–æ—è–∑—ã—á–Ω—ã–π,10
—Ç–æ–∫—Å–∏—á–Ω—ã–π,10
–Ω–µ–ø–æ–Ω—è—Ç–Ω—ã–π,10
1976,10
–ª–µ—Å–Ω–æ–π,10
—Ç–µ—Å—Ç–æ–≤—ã–π,10
–∂–∏–¥–∫–∏–π,10
–ø—Ä–æ—è–≤–ª–µ–Ω–Ω—ã–π,10
—Ä–∞–Ω–µ–Ω—ã–π,10
–Ω–∞—Ä–Ω–∞,10
1919,10
“Ø“Ø–Ω”ô,10
—Å—É—É—Ö,10
1952,10
1970,10
1912,10
25000,10
—É–¥–∞—Ä–Ω—ã–π,10
–≤–∏—Ä—Ç—É–æ–∑–Ω—ã–π,10
xvi,10
–≥–∏—Ä–µ–≤–æ–π,10
1812,10
–æ–∫–æ–Ω—á–∞—Ç–µ–ª—å–Ω—ã–π,10
—É–¥–∞—á–Ω—ã–π,20
—á—Ä–µ–≤–∞—Ç—ã–π,10
–ø–µ—Ä–≤–æ–Ω–∞—á–∞–ª—å–Ω—ã–π,10
–ø—Ä–µ–∫–ª–æ–Ω–Ω—ã–π,10
–∑–∞–∏–Ω—Ç–µ—Ä–µ—Å–æ–≤–∞–Ω–Ω—ã–π,10
—Å—Ç–∞—Ä–∏–Ω–Ω—ã–π,10
—Å–∞–º–æ–±—ã—Ç–Ω—ã–π,10
1980-–π,10
—Å–≤–æ–¥–Ω—ã–π,10
—Å—Ç–∞–ª–∏–Ω–≥—Ä–∞–¥—Å–∫–æ–≥–æ,10
3000,10
—Ö–æ—Ä–µ–æ–≥—Ä–∞—Ñ–∏—á–µ—Å–∫–∏–π,10
–∞—Å—Ç—Ä–∞–ª—å–Ω—ã–π,10
–∏–ø–æ—Ç–µ—á–Ω—ã–π,10
–º–∞—Ä–∏–Ω–æ–π,10
—á—ë—Ç–∫–∏–π,10
–¥–æ–ª–∂–Ω—ã–π,10
–æ–±—Ä–∞–∑–Ω—ã–π,10
—Å—Ç–∏—Ä–∞–ª—å–Ω—ã–π,10
–≤—Ä–∞–∂–µ—Å–∫–∏–π,10
–æ–∑–¥–æ—Ä–æ–≤–∏—Ç–µ–ª—å–Ω—ã–π,10
19242,10
—ç—Ä–¥–Ω–∏–µ–≤–æ–π,10
—É–∫—Ä–∞–∏–Ω—Å–∫—É—é,10
—Ä–æ–≥–∞—Ç—ã–π,10
–Ω–µ–ø—Ä–µ—Ä—ã–≤–Ω—ã–π,10
–Ω–∞—É—á–Ω–æ –∏—Å—Å–ª–µ–¥–æ–≤–∞—Ç–µ–ª—å—Å–∫–∏–π,20
–º–µ–∂–Ω–∞—Ü–∏–æ–Ω–∞–ª—å–Ω—ã–π,10
—Å–µ—Ç–µ–≤–æ–π,10
–±–æ–≥–∞—Ç—ã—Ä—Å–∫–∏–π,10
–∞–¥–∞–ø—Ç–∏–≤–Ω—ã–π,10
–ø—Ä–∏–≤–æ–ª–∂—Å–∫–∏–π,10
–∞–≥—Ä–∞—Ä–Ω—ã–π,10
–∫–∞–¥–µ—Ç—Å–∫–∏–π,10
–ø–∏–ª–æ—Ç–Ω—ã–π,10
—Å—Ç—Ä–æ–µ–≤–æ–π,10
–≥—Ä–∞–Ω—Ç–æ–≤—ã–π,10
–≤–µ—Ç–µ—Ä–∏–Ω–∞—Ä–Ω—ã–π,10
—Ö–æ—Ä–æ–≤–æ–π,10
–ø—ã—à–Ω—ã–π,10
–ø—Ä–æ–µ–∫—Ç–Ω—ã–π,10
viii,10
–ª–µ–Ω–∏–Ω—Å–∫–∏–π,10
—Ä–∞—Å–ø–æ–ª–æ–∂–µ–Ω–Ω–æ–≥–æ,10
—ç–∫—Å–ø–µ—Ä—Ç–Ω—ã–π,10
—Ç–æ–Ω–∞–ª—å–Ω—ã–π,10
—É–ª–∏—á–Ω—ã–π,10
—Å–æ—é–∑–Ω—ã–π,10
–∫–ª–µ—â–µ–≤–æ–π,10
—Ö–∞—Ä—å–∫–æ–≤—Å–∫–∏–π,10
–±–∞—Ç–∞–ª—å–Ω—ã–π,10
–∫–æ—Ñ—Ç—ã,10
–∫–µ—Ä—á–µ–Ω—Å–∫–∏–π,10
–≥—Ä—è–∑–Ω—ã–π,10
—Å–ø—Ä–∞–≤–µ–¥–ª–∏–≤—ã–π,10
—Ä—ã–∂–∏–π,10
—é–≤–µ–ª–∏—Ä–Ω—ã–π,10
–ø—Å–∏—Ö–∏—á–µ—Å–∫–∏–π,10
–æ–∫–∞–∑–∞–Ω–Ω–æ–π,10
28000,10
—Ç–µ—Ä—Ä–æ—Ä–∏—Å—Ç–∏—á–µ—Å–∫–∏–π,10
—Ç–æ–ª—Å—Ç—ã–π,10
22-–ª–µ—Ç–Ω–∏–π,10
–∏—Å–∫–æ–≤—ã–π,10
—Ç–∞–º–æ–∂–µ–Ω–Ω—ã–π,10
–∫–æ—Å–º–æ–¥–µ–º—å—è–Ω—Å–∫–∏–π,10
–Ω–∞—Ü–∏–æ–Ω–∞–ª–∏—Å—Ç–∏—á–µ—Å–∫–∏–π,10
–±–µ–∑–ª–∏–º–∏—Ç–Ω—ã–π,10
—Å—É–º–º–∞,10
–≤–æ–∑—Ä–∞—Å—Ç,10
—Å–∞–ª–∞—Ç–æ–≤—ã–π,10
—Å–¥–µ—Ä–∂–∞–Ω–Ω—ã–π,10
—Ñ–∏–æ–ª–µ—Ç–æ–≤—ã–π,10
–æ–±—å–µ–º–Ω—ã–º–∏,10
‚ÄºÔ∏è–º–∞—Ä–∫–∏—Ä–æ–≤–∫–∞,10
üü™–º–æ–¥–µ–ª—å,10
—Å—Ç—ë–≥–∞–Ω—ã–π,10
–≥—É—Å–∏–Ω—ã–π,10
–∏–¥—É—Ç,10
–≤–∞–Ω–Ω—ã–π,10
–ª—É—á–µ–≤–æ–π,10
–∫—Ä–æ–≤–µ–Ω–æ—Å–Ω—ã–π,10
—á–∏—Ç–∞–ª—å–Ω—ã–π,10
–æ—á–∏—Ä–æ–≤–æ–π,10
7–ª–µ—Ç,10
15–≥–æ,10
—Å–∫—É–¥–Ω—ã–π,10
15—è–Ω–≤–∞—Ä—è,10
—Ä—É–Ω–∏—á–µ—Å–∫–∏–π,10
–º–µ–∂—Ñ—Ä–∞–∫—Ü–∏–æ–Ω–Ω–æ–π,10
–ø–∏–≥–º–µ–Ω—Ç–Ω—ã–π,10
—É–ª—å—Ç—Ä–∞–∑–≤—É–∫–æ–≤–æ–π,10
—Ä–∞—Å–ø–æ–ª–æ–∂–µ–Ω–Ω–∞—è,10
—Å–∫–æ—Ä–µ–π!http://s.likee.video sid/1039942391?b=944756591&amp;c vk&amp;l,10
–∫–æ—Ä–ø—É—Å–Ω—ã–π,10
–∫–æ–Ω—Ç—É—Ä–Ω—ã–π,10
—Å–ø–∏—Ä—Ç–æ—Å–æ–¥–µ—Ä–∂–∞—â–∏–π,10
–≤–∑—Ä—ã–≤–Ω–æ–π,10
–≤—Å—Ç—Ä–µ—á–Ω—ã–π,10
—Å–∏–Ω–æ–Ω–∏–º—ã,10
–∫–æ–ª–ª–∞—Ç–µ—Ä–∞–ª—å–Ω—ã–π,10
—Å–≤–µ—Ç–æ–≤–æ–π,10
–∫—É–±–∞–Ω—Å–∫–∏–π,10
–Ω–∞–ø–∏—Å–∞–Ω–Ω—É—é,10
"2,eminem",10
8:58,10
4:58,10
3:35,10
5:36,10
10:02,10
—É–¥–≤–æ–µ–Ω–Ω—ã–π,10
255–∞,10
–ª–æ–≥–æ,10
2550,10
–∫–ª–µ–µ–≤–æ–π,10
